Workbook

Sheet 01
A1: Name | B1: PSP-Element | C1: Date TT.MM.JJJJ | D1: from hh:mm | E1: to hh:mm | F1: hours autom. calculated | G1: Project (mandatory) | H1: Topic (mandatory) | I1: Task Group (optional) | J1: Description (optional) | K1: Task ID
A2: LastName, FirstName | B2: 146300100109 | C2: 46023 | D2: 0.35416667 | E2: 0.6875 | F2: =+(E2-D2)*24 -> 8 | G2: 9O Off | H2: HO (Public) Holiday | J2: New Year's Day / Neujahr
A3: LastName, FirstName | B3: 146300100109 | C3: 46024 | D3: 0.58333333 | E3: 0.64583333 | F3: =+(E3-D3)*24 -> 1.5 | G3: 9M Misc | H3: OR Organization | J3: Update through Mails
A4: LastName, FirstName | B4: 146300100109 | D4: 0.64583333 | E4: 0.71875 | F4: =+(E4-D4)*24 -> 1.75 | G4: 1C RDM - RDM Classic | H4: DV Development | I4: IN Investigation | J4: Exxon Issue 1189 and ..90 | K4: 1189 | L4: =SUBTOTAL(9,$F$2:$F$235) -> 127.58333 | M4: Formula
A5: LastName, FirstName | B5: 146300100109 | C5: 46025 | D5: 0.35416667 | E5: 0.6875 | F5: =+(E5-D5)*24 -> 8 | G5: 9O Off | H5: HO (Public) Holiday | J5: Weekend / Wochenende
A6: LastName, FirstName | B6: 146300100109 | C6: 46026 | D6: 0.35416667 | E6: 0.6875 | F6: =+(E6-D6)*24 -> 8 | G6: 9O Off | H6: HO (Public) Holiday | J6: Weekend / Wochenende
A7: LastName, FirstName | B7: 146300100109 | C7: 46027 | D7: 0.34722222 | E7: 0.38194444 | F7: =+(E7-D7)*24 -> 0.83333333 | G7: 9M Misc | H7: OR Organization | J7: Start Systems, Email Check, Sorting of TODOs | L7: =SUMIF(G2:G259,Metadata!$A$6,F2:F259) -> 22.616667 | M7: 9M Misc
A8: LastName, FirstName | B8: 146300100109 | D8: 0.38194444 | E8: 0.47916667 | F8: =+(E8-D8)*24 -> 2.3333333 | G8: 1C RDM - RDM Classic | H8: DV Development | I8: IN Investigation | J8: Exxon Issue 1189 - Deep Dive | K8: 1189 | L8: =SUMIF(G2:G259,Metadata!$A$5,F2:F259) -> 80 | M8: 9O Off (incl. VA, IL, HO)
A9: LastName, FirstName | B9: 146300100109 | D9: 0.47916667 | E9: 0.51388889 | F9: =+(E9-D9)*24 -> 0.83333333 | G9: 1C RDM - RDM Classic | H9: OR Organization | I9: AL Alignment | J9: Sara, Farida, Mike Call - Listening In
A10: LastName, FirstName | B10: 146300100109 | D10: 0.53472222 | E10: 0.58333333 | F10: =+(E10-D10)*24 -> 1.1666667 | G10: 1C RDM - RDM Classic | H10: DV Development | I10: IN Investigation | J10: Exxon Issue 1189 - Deep Dive Continue | K10: 1189 | L10: =SUBTOTAL(9,F261:F264) -> 0 | M10: Sum (hours)
A11: LastName, FirstName | B11: 146300100109 | D11: 0.58333333 | E11: 0.70486111 | F11: =+(E11-D11)*24 -> 2.9166667 | G11: 1C RDM - RDM Classic | H11: OR Organization | I11: AL Alignment | J11: Mike Call Search Query | K11: 1189 | L11: =F266/Overview!$B$21 -> 0 | M11: Sum (days)
A12: LastName, FirstName | B12: 146300100109 | C12: 46028 | D12: 0.35416667 | E12: 0.6875 | F12: =+(E12-D12)*24 -> 8 | G12: 9O Off | H12: HO (Public) Holiday | J12: The Three Wise Men / Die Heiligen drei Könige
A13: LastName, FirstName | B13: 146300100109 | C13: 46029 | D13: 0.36458333 | E13: 0.375 | F13: =+(E13-D13)*24 -> 0.25 | G13: 9M Misc | H13: OR Organization | J13: Start Systems, Setup of Equipment
A14: LastName, FirstName | B14: 146300100109 | D14: 0.375 | E14: 0.46875 | F14: =+(E14-D14)*24 -> 2.25 | G14: 2C RDM C - RDM Cloud Ready | H14: DV Development | I14: AL Alignment | J14: Jean-Marc Update on Cloud Ready State | L14: =SUMIF(H2:H259,"VA Vacation",F2:F259) -> 0 | M14: Vacation (hours)
A15: LastName, FirstName | B15: 146300100109 | D15: 0.45833333 | E15: 0.51041667 | F15: =+(E15-D15)*24 -> 1.25 | G15: 1C RDM - RDM Classic | H15: DV Development | I15: IN Investigation | J15: Code Comprehension of Mikes Code | K15: 1189
A16: LastName, FirstName | B16: 146300100109 | D16: 0.53472222 | E16: 0.61111111 | F16: =+(E16-D16)*24 -> 1.8333333 | G16: 1C RDM - RDM Classic | H16: DV Development | I16: TE Testing and Quality | J16: Testing of Mikes Code | K16: 1189
A17: LastName, FirstName | B17: 146300100109 | D17: 0.61111111 | E17: 0.625 | F17: =+(E17-D17)*24 -> 0.33333333 | G17: 9M Misc | H17: OR Organization | I17: AL Alignment | J17: Quick 1:1 Michael <-> Maxi
A18: LastName, FirstName | B18: 146300100109 | D18: 0.625 | E18: 0.69791667 | F18: =+(E18-D18)*24 -> 1.75 | G18: 1C RDM - RDM Classic | H18: DV Development | I18: CO Coding | J18: Coding Adaptation for Characterstics aswell + Testing | K18: 1189
A19: LastName, FirstName | B19: 146300100109 | C19: 46030 | D19: 0.375 | E19: 0.41666667 | F19: =+(E19-D19)*24 -> 1 | G19: 2C RDM C - RDM Cloud Ready | H19: DV Development | I19: CO Coding | J19: Country 9903
A20: LastName, FirstName | B20: 146300100109 | D20: 0.41666667 | E20: 0.4375 | F20: =+(E20-D20)*24 -> 0.5 | G20: 9M Misc | H20: OR Organization | I20: AL Alignment | J20: Michael <-> Maxi
A21: LastName, FirstName | B21: 146300100109 | D21: 0.4375 | E21: 0.52083333 | F21: =+(E21-D21)*24 -> 2 | G21: 2C RDM C - RDM Cloud Ready | H21: DV Development | I21: CO Coding | J21: Country 9903
A22: LastName, FirstName | B22: 146300100109 | D22: 0.54166667 | E22: 0.66666667 | F22: =+(E22-D22)*24 -> 3 | G22: 2C RDM C - RDM Cloud Ready | H22: DV Development | I22: CO Coding | J22: Country 9903
A23: LastName, FirstName | B23: 146300100109 | D23: 0.66666667 | E23: 0.72222222 | F23: =+(E23-D23)*24 -> 1.3333333 | G23: 2C RDM C - RDM Cloud Ready | H23: OR Organization | I23: AL Alignment | J23: Cloud Ready Daily Alignment
A24: LastName, FirstName | B24: 146300100109 | C24: 46031 | D24: 0.375 | E24: 0.41666667 | F24: =+(E24-D24)*24 -> 1 | G24: 9M Misc | J24: Community Breakfast
A25: LastName, FirstName | B25: 146300100109 | D25: 0.41666667 | E25: 0.45833333 | F25: =+(E25-D25)*24 -> 1 | G25: 2C RDM C - RDM Cloud Ready | H25: DV Development | I25: IN Investigation | J25: Troubleshooting Eclipse after Update (AAAAARGH!!!)
A26: LastName, FirstName | B26: 146300100109 | D26: 0.45833333 | E26: 0.47916667 | F26: =+(E26-D26)*24 -> 0.5 | G26: 1C RDM - RDM Classic | H26: OR Organization | I26: AL Alignment | J26: Team Meating
A27: LastName, FirstName | B27: 146300100109 | D27: 0.47916667 | E27: 0.54861111 | F27: =+(E27-D27)*24 -> 1.6666667 | G27: 2C RDM C - RDM Cloud Ready | H27: DV Development | I27: CO Coding | J27: 9903 CDS Stack
A28: LastName, FirstName | B28: 146300100109 | D28: 0.56944444 | E28: 0.66666667 | F28: =+(E28-D28)*24 -> 2.3333333 | G28: 2C RDM C - RDM Cloud Ready | H28: DV Development | I28: CO Coding | J28: 9903 CDS Stack
A29: LastName, FirstName | B29: 146300100109 | D29: 0.66666667 | E29: 0.70833333 | F29: =+(E29-D29)*24 -> 1 | G29: 2C RDM C - RDM Cloud Ready | H29: OR Organization | I29: AL Alignment | J29: Cloud Ready Daily Alignment
A30: LastName, FirstName | B30: 146300100109 | C30: 46032 | D30: 0.35416667 | E30: 0.6875 | F30: =+(E30-D30)*24 -> 8 | G30: 9O Off | H30: HO (Public) Holiday | J30: Weekend / Wochenende
A31: LastName, FirstName | B31: 146300100109 | C31: 46033 | D31: 0.35416667 | E31: 0.6875 | F31: =+(E31-D31)*24 -> 8 | G31: 9O Off | H31: HO (Public) Holiday | J31: Weekend / Wochenende
A32: LastName, FirstName | B32: 146300100109 | C32: 46034 | D32: 0.35416667 | E32: 0.47916667 | F32: =+(E32-D32)*24 -> 3 | G32: 2C RDM C - RDM Cloud Ready | H32: DV Development | I32: CO Coding | J32: 9903 ABAP Stack
A33: LastName, FirstName | B33: 146300100109 | D33: 0.47916667 | E33: 0.48958333 | F33: =+(E33-D33)*24 -> 0.25 | G33: 2C RDM C - RDM Cloud Ready | H33: OR Organization | I33: AL Alignment | J33: Jean-Marc - View Cluster Maintanance
A34: LastName, FirstName | B34: 146300100109 | D34: 0.48958333 | E34: 0.5625 | F34: =+(E34-D34)*24 -> 1.75 | G34: 2C RDM C - RDM Cloud Ready | H34: DV Development | I34: IN Investigation | J34: Troubleshooting Process Step Blockage during Customizing
A35: LastName, FirstName | B35: 146300100109 | D35: 0.625 | E35: 0.67708333 | F35: =+(E35-D35)*24 -> 1.25 | G35: 2C RDM C - RDM Cloud Ready | H35: DV Development | I35: IN Investigation | J35: 9903 Process Chain
A36: LastName, FirstName | D36: 0.67708333 | E36: 0.71875 | F36: =+(E36-D36)*24 -> 1 | G36: 2C RDM C - RDM Cloud Ready | H36: OR Organization | I36: AL Alignment | J36: Cloud Ready Daily Alignment
A37: LastName, FirstName | C37: 46035 | D37: 0.36458333 | E37: 0.375 | F37: =+(E37-D37)*24 -> 0.25 | G37: 9M Misc | H37: OR Organization | J37: Timesheet Maintanance of last day - because of not pushed state
A38: LastName, FirstName | D38: 0.375 | E38: 0.39583333 | F38: =+(E38-D38)*24 -> 0.5 | G38: 1C RDM - RDM Classic | H38: OR Organization | I38: AL Alignment | J38: RDM Dev Topics (Short)
A39: LastName, FirstName | D39: 0.39583333 | E39: 0.4375 | F39: =+(E39-D39)*24 -> 1 | G39: 2C RDM C - RDM Cloud Ready | H39: DV Development | I39: CO Coding | J39: Auxilary Class, Saver Class
A40: LastName, FirstName | D40: 0.4375 | E40: 0.47916667 | F40: =+(E40-D40)*24 -> 1 | G40: 2C RDM C - RDM Cloud Ready | H40: OR Organization | I40: AL Alignment | J40: Cloud Ready SAP Alignment
A41: LastName, FirstName | D41: 0.5 | E41: 0.66666667 | F41: =+(E41-D41)*24 -> 4 | G41: 2C RDM C - RDM Cloud Ready | H41: DV Development | I41: CO Coding
A42: LastName, FirstName | D42: 0.66666667 | E42: 0.70833333 | F42: =+(E42-D42)*24 -> 1 | G42: 2C RDM C - RDM Cloud Ready | H42: OR Organization | I42: AL Alignment | J42: Cloud Ready Daily Alignment
A43: LastName, FirstName | C43: 46036 | D43: 0.375 | E43: 0.70833333 | F43: =+(E43-D43)*24 -> 8 | G43: 1C RDM - RDM Classic | H43: BD Business Development | J43: Cloud Ready Workshop
A44: LastName, FirstName | C44: 46037 | D44: 0.375 | E44: 0.39583333 | F44: =+(E44-D44)*24 -> 0.5 | G44: 1C RDM - RDM Classic | H44: OR Organization | I44: AL Alignment | J44: RDM Dev Topics (Short)
A45: LastName, FirstName | D45: 0.39583333 | E45: 0.41666667 | F45: =+(E45-D45)*24 -> 0.5 | G45: 1C RDM - RDM Classic | H45: OR Organization | I45: AL Alignment | J45: 1:1 Michael Maxi
A46: LastName, FirstName | D46: 0.41666667 | E46: 0.4375 | F46: =+(E46-D46)*24 -> 0.5 | G46: 2C RDM C - RDM Cloud Ready | H46: OR Organization | I46: AL Alignment | J46: 1:1 Mike Maxi | K46: 1177 & 1196
A47: LastName, FirstName | D47: 0.54166667 | E47: 0.63541667 | F47: =+(E47-D47)*24 -> 2.25 | G47: 1C RDM - RDM Classic | H47: DV Development | I47: TE Testing and Quality | J47: Testing of Mikes Code / Fix in IH2 - Mails Org. | K47: 1177 & 1196
A48: LastName, FirstName | C48: 46038 | D48: 0.35416667 | E48: 0.6875 | F48: =+(E48-D48)*24 -> 8 | G48: 9M Misc | H48: TR Travel | J48: Itego Firmenfeier 10th Anniversary
A49: LastName, FirstName | C49: 46039 | D49: 0.35416667 | E49: 0.6875 | F49: =+(E49-D49)*24 -> 8 | G49: 9O Off | H49: HO (Public) Holiday | J49: Weekend / Wochenende
A50: LastName, FirstName | C50: 46040 | D50: 0.35416667 | E50: 0.6875 | F50: =+(E50-D50)*24 -> 8 | G50: 9O Off | H50: HO (Public) Holiday | J50: Weekend / Wochenende
A51: LastName, FirstName | C51: 46041 | D51: 0.40972222 | E51: 0.42708333 | F51: =+(E51-D51)*24 -> 0.41666667 | G51: 9M Misc | H51: OR Organization
A52: LastName, FirstName | D52: 0.42708333 | E52: 0.45833333 | F52: =+(E52-D52)*24 -> 0.75 | G52: 9M Misc | H52: OR Organization | I52: AL Alignment | J52: Michael <-> Maxi
A53: LastName, FirstName | D53: 0.45833333 | E53: 0.48958333 | F53: =+(E53-D53)*24 -> 0.75 | G53: 2C RDM C - RDM Cloud Ready | H53: DV Development | I53: IN Investigation | J53: Process Automation - Getting rid of hardcoded VARs inside workflow coding
A54: LastName, FirstName | D54: 0.50347222 | E54: 0.53472222 | F54: =+(E54-D54)*24 -> 0.75 | G54: 1C RDM - RDM Classic | H54: DV Development | I54: IN Investigation | J54: Bayer - Reproduction of Error inside ID1. Maintaining OT Document | K54: 1202
A55: LastName, FirstName | D55: 0.53472222 | E55: 0.5625 | F55: =+(E55-D55)*24 -> 0.66666667 | G55: 1C RDM - RDM Classic | H55: OR Organization | I55: AL Alignment | J55: Bayer Call - CHAR and CLASS regarding ITR Scope +/- SAP Scope
A56: LastName, FirstName | D56: 0.5625 | E56: 0.625 | F56: =+(E56-D56)*24 -> 1.5 | G56: 2C RDM C - RDM Cloud Ready | H56: DV Development | I56: IN Investigation | J56: Debugging of Single Gov ABAP Stack
A57: LastName, FirstName | D57: 0.625 | E57: 0.66666667 | F57: =+(E57-D57)*24 -> 1 | G57: 1C RDM - RDM Classic | H57: OR Organization | I57: AL Alignment | J57: Tester Meeting
A58: LastName, FirstName | D58: 0.66666667 | E58: 0.70833333 | F58: =+(E58-D58)*24 -> 1 | G58: 2C RDM C - RDM Cloud Ready | H58: OR Organization | I58: AL Alignment | J58: Daily Cloud Ready Alginment
A59: LastName, FirstName | C59: 46042 | D59: 0.38541667 | E59: 0.41666667 | F59: =+(E59-D59)*24 -> 0.75 | G59: 1C RDM - RDM Classic | H59: OR Organization | I59: AL Alignment | J59: Dev Topics (Long)
A60: LastName, FirstName | D60: 0.41666667 | E60: 0.4375 | F60: =+(E60-D60)*24 -> 0.5 | G60: 9M Misc | H60: OR Organization | I60: MI Misc | J60: Mails Update
A61: LastName, FirstName | D61: 0.4375 | E61: 0.45833333 | F61: =+(E61-D61)*24 -> 0.5 | G61: 2C RDM C - RDM Cloud Ready | H61: OR Organization | I61: AL Alignment | J61: Cloud Ready Alignment
A62: LastName, FirstName | D62: 0.45833333 | E62: 0.5625 | F62: =+(E62-D62)*24 -> 2.5 | G62: 2C RDM C - RDM Cloud Ready | H62: OR Organization | I62: IN Investigation | J62: Mail to JM -> PA, Debugging of Single Gov
A63: LastName, FirstName | C63: 46043 | D63: 0.36458333 | E63: 0.5625 | F63: =+(E63-D63)*24 -> 4.75 | G63: 1C RDM - RDM Classic | H63: DV Development | J63: Big Block - Mails, Debugging Single Gov, Requesting Help -> SCS2, Start of Testing
A64: LastName, FirstName | C64: 46044 | F64: =+(E64-D64)*24 -> 0 | G64: 9O Off | J64: Kolloqium
A65: LastName, FirstName | C65: 46045 | D65: 0.375 | E65: 0.5 | F65: =+(E65-D65)*24 -> 3 | J65: BLOCKER
A66: LastName, FirstName | D66: 0.5 | E66: 0.54166667 | F66: =+(E66-D66)*24 -> 1 | J66: Business Lunch?
A67: LastName, FirstName | C67: 46046 | D67: 0.35416667 | E67: 0.6875 | F67: =+(E67-D67)*24 -> 8 | G67: 9O Off | H67: HO (Public) Holiday | J67: Weekend / Wochenende
A68: LastName, FirstName | C68: 46047 | D68: 0.35416667 | E68: 0.6875 | F68: =+(E68-D68)*24 -> 8 | G68: 9O Off | H68: HO (Public) Holiday | J68: Weekend / Wochenende
A69: LastName, FirstName | C69: 46048 | D69: 0.34375 | E69: 0.35555556 | F69: =+(E69-D69)*24 -> 0.28333333 | G69: 9M Misc | H69: OR Organization | J69: Mails , Start Systems, etc
A70: LastName, FirstName | D70: 0.35555556 | E70: 0.38888889 | F70: =+(E70-D70)*24 -> 0.8 | G70: 1C RDM - RDM Classic | H70: OR Organization | I70: AL Alignment | J70: Conarum Call -> Talk w. Hieu
A71: LastName, FirstName | D71: 0.38888889 | E71: 0.4375 | F71: =+(E71-D71)*24 -> 1.1666667 | G71: 1C RDM - RDM Classic | H71: DV Development | J71: SEGW, ODATA Wrapping
A72: LastName, FirstName | D72: 0.4375 | E72: 0.45833333 | F72: =+(E72-D72)*24 -> 0.5 | G72: 1C RDM - RDM Classic | H72: OR Organization | I72: AL Alignment | J72: 1:1 Michael Maxi
A73: LastName, FirstName | D73: 0.45833333 | E73: 0.52083333 | F73: =+(E73-D73)*24 -> 1.5 | G73: 1C RDM - RDM Classic | H73: DV Development | J73: SEGW, ODATA Wrapping
A74: LastName, FirstName | D74: 0.54166667 | E74: 0.625 | F74: =+(E74-D74)*24 -> 2 | G74: 1C RDM - RDM Classic | H74: DV Development | I74: TE Testing and Quality
A75: LastName, FirstName | D75: 0.625 | E75: 0.66666667 | F75: =+(E75-D75)*24 -> 1 | G75: 1C RDM - RDM Classic | H75: OR Organization | I75: AL Alignment | J75: Tester Meeting
A76: LastName, FirstName | D76: 0.66666667 | E76: 0.70833333 | F76: =+(E76-D76)*24 -> 1 | G76: 2C RDM C - RDM Cloud Ready | H76: DV Development | I76: IN Investigation | J76: CLR Issue
A77: LastName, FirstName | C77: 46049 | D77: 0.36458333 | E77: 0.39583333 | F77: =+(E77-D77)*24 -> 0.75 | G77: 1C RDM - RDM Classic | H77: OR Organization | I77: AL Alignment | J77: Mails, RDM DEV Short
A78: LastName, FirstName | D78: 0.39583333 | E78: 0.4375 | F78: =+(E78-D78)*24 -> 1 | G78: 9M Misc | H78: OR Organization | J78: Starting to look into tools that make our process more clear without using a "one size fits all" result
A79: LastName, FirstName | D79: 0.4375 | E79: 0.45833333 | F79: =+(E79-D79)*24 -> 0.5 | G79: 2C RDM C - RDM Cloud Ready | H79: OR Organization | I79: AL Alignment | J79: Cloud Ready Jour Fixe - SAP Alignment
A80: LastName, FirstName | D80: 0.45833333 | E80: 0.54166667 | F80: =+(E80-D80)*24 -> 2 | G80: 2C RDM C - RDM Cloud Ready | H80: DV Development | I80: IN Investigation | J80: Debugging of MaSchmi's recommendations
A81: LastName, FirstName | D81: 0.5625 | E81: 0.66666667 | F81: =+(E81-D81)*24 -> 2.5 | G81: 2C RDM C - RDM Cloud Ready | H81: DV Development | I81: CO Coding | J81: Duplication of Namespace Object. Navigation Message BAS Coding
A82: LastName, FirstName | D82: 0.66666667 | E82: 0.70833333 | F82: =+(E82-D82)*24 -> 1 | G82: 2C RDM C - RDM Cloud Ready | H82: OR Organization | I82: AL Alignment | J82: Daily Cloud Ready Alginment
A83: LastName, FirstName | C83: 46050 | D83: 0.35416667 | E83: 0.5 | F83: =+(E83-D83)*24 -> 3.5 | G83: 2C RDM C - RDM Cloud Ready | H83: DV Development | I83: IN Investigation | J83: Process Issue Single Gov
A84: LastName, FirstName | D84: 0.52083333 | E84: 0.625 | F84: =+(E84-D84)*24 -> 2.5 | G84: 2C RDM C - RDM Cloud Ready | H84: DV Development | I84: IN Investigation | J84: Process Issue Single Gov
A85: LastName, FirstName | D85: 0.625 | E85: 0.66666667 | F85: =+(E85-D85)*24 -> 1 | G85: 1C RDM - RDM Classic | H85: OR Organization | I85: AL Alignment | J85: Testmeeting
A86: LastName, FirstName | D86: 0.66666667 | E86: 0.71875 | F86: =+(E86-D86)*24 -> 1.25 | G86: 2C RDM C - RDM Cloud Ready | H86: OR Organization | I86: AL Alignment | J86: Cloud Ready Daily Alignment
A87: LastName, FirstName | D87: 0.71875 | E87: 0.72569444 | F87: =+(E87-D87)*24 -> 0.16666667 | G87: 1C RDM - RDM Classic | H87: OR Organization | J87: Creating User for Conarum IS1
A88: LastName, FirstName | C88: 46051 | D88: 0.35416667 | E88: 0.39583333 | F88: =+(E88-D88)*24 -> 1 | G88: 1C RDM - RDM Classic | H88: OR Organization | I88: AL Alignment | J88: RDM Dev Topics (Short)
A89: LastName, FirstName | D89: 0.39583333 | E89: 0.4375 | F89: =+(E89-D89)*24 -> 1 | G89: 2C RDM C - RDM Cloud Ready | H89: DV Development | I89: IN Investigation
A90: LastName, FirstName | D90: 0.4375 | E90: 0.45833333 | F90: =+(E90-D90)*24 -> 0.5 | G90: 2C RDM C - RDM Cloud Ready | H90: OR Organization | I90: AL Alignment | J90: Cloud Ready Jour Fixe
A91: LastName, FirstName | D91: 0.45833333 | E91: 0.60763889 | F91: =+(E91-D91)*24 -> 3.5833333 | G91: 2C RDM C - RDM Cloud Ready | H91: DV Development | I91: IN Investigation | J91: Fixed Process Issue !
A92: LastName, FirstName | D92: 0.60763889 | E92: 0.61805556 | F92: =+(E92-D92)*24 -> 0.25 | G92: 1C RDM - RDM Classic | H92: OR Organization | I92: AL Alignment | J92: Selly Update | K92: 625
A93: LastName, FirstName | D93: 0.61805556 | E93: 0.64583333 | F93: =+(E93-D93)*24 -> 0.66666667 | G93: 2C RDM C - RDM Cloud Ready | H93: OR Organization | I93: AL Alignment | J93: JM, Vogt, MaSchmi, Pfisterer, UI Topics
A94: LastName, FirstName | D94: 0.64583333 | E94: 0.66666667 | F94: =+(E94-D94)*24 -> 0.5 | G94: 2C RDM C - RDM Cloud Ready | H94: DV Development | I94: CO Coding | J94: NAV Message
A95: LastName, FirstName | D95: 0.66666667 | E95: 0.71875 | F95: =+(E95-D95)*24 -> 1.25 | G95: 2C RDM C - RDM Cloud Ready | H95: OR Organization | I95: AL Alignment | J95: Cloud Ready Daily Alignment
A96: LastName, FirstName | C96: 46052 | D96: 0.35416667 | E96: 0.41666667 | F96: =+(E96-D96)*24 -> 1.5 | G96: 9M Misc | H96: DV Development | J96: Tool
A97: LastName, FirstName | C97: 46052 | D97: 0.41666667 | E97: 0.4375 | F97: =+(E97-D97)*24 -> 0.5 | G97: 1C RDM - RDM Classic | H97: OR Organization | I97: AL Alignment | J97: Michael <-> Maxi
A98: LastName, FirstName | C98: 46052 | D98: 0.4375 | E98: 0.45833333 | F98: =+(E98-D98)*24 -> 0.5 | G98: 1C RDM - RDM Classic | H98: OR Organization | I98: AL Alignment | J98: basis Meeting
A99: LastName, FirstName | C99: 46052 | D99: 0.45833333 | E99: 0.47916667 | F99: =+(E99-D99)*24 -> 0.5 | G99: 1C RDM - RDM Classic | H99: OR Organization | I99: AL Alignment | J99: Team Meeting
A100: LastName, FirstName | C100: 46052 | D100: 0.47916667 | E100: 0.49652778 | F100: =+(E100-D100)*24 -> 0.41666667 | G100: 9M Misc | H100: DV Development | J100: Tool
...

Sheet 02
A1: Name | B1: PSP-Element | C1: Date TT.MM.JJJJ | D1: from hh:mm | E1: to hh:mm | F1: hours autom. calculated | G1: Project (mandatory) | H1: Topic (mandatory) | I1: Task Group (optional) | J1: Description (optional) | K1: Task ID
A2: LastName, FirstName | B2: 146300100109 | C2: 46054 | D2: 0.35416667 | E2: 0.6875 | F2: =+(E2-D2)*24 -> 8 | G2: 9O Off | H2: HO (Public) Holiday | J2: Weekend / Wochenende
A3: LastName, FirstName | B3: 146300100109 | C3: 46055 | D3: 0.35416667 | E3: 0.4375 | F3: =+(E3-D3)*24 -> 2 | G3: 9M Misc | H3: DV Development | J3: Ticket Tool, Mails, Start Systems, Replication of errors | K3: 1177, 1216
A4: LastName, FirstName | B4: 146300100109 | D4: 0.4375 | E4: 0.47916667 | F4: =+(E4-D4)*24 -> 1 | G4: 1C RDM - RDM Classic | H4: OR Organization | I4: AL Alignment | J4: Michael <-> Maxi
A5: LastName, FirstName | B5: 146300100109 | D5: 0.47916667 | E5: 0.51041667 | F5: =+(E5-D5)*24 -> 0.75 | G5: 1C RDM - RDM Classic | H5: DV Development | J5: Client Contact Mails | K5: 1177, 1216
A6: LastName, FirstName | B6: 146300100109 | D6: 0.53125 | E6: 0.625 | F6: =+(E6-D6)*24 -> 2.25 | G6: 1C RDM - RDM Classic | H6: DV Development | J6: Client Contact Mails | K6: 1177, 1216
A7: LastName, FirstName | B7: 146300100109 | D7: 0.625 | E7: 0.66666667 | F7: =+(E7-D7)*24 -> 1 | G7: 1C RDM - RDM Classic | H7: OR Organization | I7: AL Alignment | J7: Tester Meeting
A8: LastName, FirstName | B8: 146300100109 | D8: 0.66666667 | E8: 0.70833333 | F8: =+(E8-D8)*24 -> 1 | G8: 2C RDM C - RDM Cloud Ready | H8: OR Organization | I8: AL Alignment | J8: Cloud Ready Daily Alignment
A9: LastName, FirstName | C9: 46056 | D9: 0.35416667 | E9: 0.375 | F9: =+(E9-D9)*24 -> 0.5 | G9: 9M Misc | J9: Tool Dev
A10: LastName, FirstName | B10: 146300100109 | D10: 0.375 | E10: 0.41666667 | F10: =+(E10-D10)*24 -> 1 | G10: 1C RDM - RDM Classic | H10: OR Organization | I10: AL Alignment
A11: LastName, FirstName | B11: 146300100109 | D11: 0.41666667 | E11: 0.4375 | F11: =+(E11-D11)*24 -> 0.5 | G11: 1C RDM - RDM Classic | H11: OR Organization | J11: Tool Dev, Transport Management
A12: LastName, FirstName | B12: 146300100109 | D12: 0.4375 | E12: 0.45833333 | F12: =+(E12-D12)*24 -> 0.5 | G12: 2C RDM C - RDM Cloud Ready | H12: OR Organization | I12: AL Alignment | J12: Cloud Ready SAP alignment
A13: LastName, FirstName | B13: 146300100109 | D13: 0.45833333 | E13: 0.46875 | F13: =+(E13-D13)*24 -> 0.25 | G13: 9M Misc | J13: Time Sheet Maintanance
A14: LastName, FirstName | B14: 146300100109 | D14: 0.46875 | E14: 0.47916667 | F14: =+(E14-D14)*24 -> 0.25 | G14: 1C RDM - RDM Classic | H14: OR Organization | I14: AL Alignment | J14: Pre Bayer Call | K14: 1177
A15: LastName, FirstName | B15: 146300100109 | D15: 0.47916667 | E15: 0.5 | F15: =+(E15-D15)*24 -> 0.5 | G15: 1C RDM - RDM Classic | H15: OR Organization | I15: AL Alignment | J15: Bayer Call | K15: 1177
A16: LastName, FirstName | B16: 146300100109 | D16: 0.5 | E16: 0.52083333 | F16: =+(E16-D16)*24 -> 0.5 | G16: 1C RDM - RDM Classic | H16: OR Organization | I16: AL Alignment | J16: Günter <-> Maxi | K16: 625
A17: LastName, FirstName | B17: 146300100109 | D17: 0.54166667 | E17: 0.66666667 | F17: =+(E17-D17)*24 -> 3 | G17: 1C RDM - RDM Classic | H17: DV Development | I17: IN Investigation | J17: Code Comparison Bayer <-> ID1; Farida Call (quick); CLR Single Gov
A18: LastName, FirstName | B18: 146300100109 | D18: 0.66666667 | E18: 0.73611111 | F18: =+(E18-D18)*24 -> 1.6666667 | G18: 2C RDM C - RDM Cloud Ready | H18: OR Organization | I18: CO Coding | J18: Daily Cloud Ready Alignment - Successfully implementing Editable Keys for Texts
A19: LastName, FirstName | B19: 146300100109 | C19: 46057 | D19: 0.35416667 | E19: 0.5 | F19: =+(E19-D19)*24 -> 3.5 | G19: 2C RDM C - RDM Cloud Ready | H19: DV Development | I19: IN Investigation | J19: Activation Error Debugging
A20: LastName, FirstName | B20: 146300100109 | D20: 0.52083333 | E20: 0.57291667 | F20: =+(E20-D20)*24 -> 1.25 | G20: 2C RDM C - RDM Cloud Ready | H20: DV Development | I20: IN Investigation | J20: Activation Error Debugging
A21: LastName, FirstName | B21: 146300100109 | D21: 0.57291667 | E21: 0.58333333 | F21: =+(E21-D21)*24 -> 0.25 | G21: 1C RDM - RDM Classic | H21: OR Organization | I21: AL Alignment | J21: Quick Talk w. Michael about Open Prod. Hier. Tickets
A22: LastName, FirstName | B22: 146300100109 | D22: 0.58333333 | E22: 0.625 | F22: =+(E22-D22)*24 -> 1 | G22: 1C RDM - RDM Classic | H22: OR Organization | I22: IN Investigation | J22: Prod Hier Tickets - Sichtung
A23: LastName, FirstName | B23: 146300100109 | D23: 0.625 | E23: 0.66666667 | F23: =+(E23-D23)*24 -> 1 | G23: 1C RDM - RDM Classic | H23: OR Organization | I23: AL Alignment | J23: Tester Meeting
A24: LastName, FirstName | B24: 146300100109 | D24: 0.66666667 | E24: 0.73263889 | F24: =+(E24-D24)*24 -> 1.5833333 | G24: 2C RDM C - RDM Cloud Ready | H24: OR Organization | I24: AL Alignment | J24: Cloud Ready Daily Alignment
A25: LastName, FirstName | B25: 146300100109 | C25: 46058 | D25: 0.35416667 | E25: 0.375 | F25: =+(E25-D25)*24 -> 0.5 | G25: 1C RDM - RDM Classic | H25: OR Organization | J25: TODO | K25: 1162
A26: LastName, FirstName | B26: 146300100109 | D26: 0.375 | E26: 0.39583333 | F26: =+(E26-D26)*24 -> 0.5 | G26: 1C RDM - RDM Classic | H26: OR Organization | I26: AL Alignment | J26: TODO
A27: LastName, FirstName | B27: 146300100109 | D27: 0.39583333 | E27: 0.4375 | F27: =+(E27-D27)*24 -> 1 | G27: 1C RDM - RDM Classic | H27: DV Development | I27: IN Investigation | J27: TODO
A28: LastName, FirstName | B28: 146300100109 | D28: 0.4375 | E28: 0.45833333 | F28: =+(E28-D28)*24 -> 0.5 | G28: 2C RDM C - RDM Cloud Ready | H28: OR Organization | I28: AL Alignment | J28: TODO
A29: LastName, FirstName | B29: 146300100109 | D29: 0.45833333 | E29: 0.5625 | F29: =+(E29-D29)*24 -> 2.5 | G29: 1C RDM - RDM Classic | H29: DV Development | I29: IN Investigation | J29: TODO | K29: 1162
A30: LastName, FirstName | B30: 146300100109 | D30: 0.58333333 | E30: 0.60069444 | F30: =+(E30-D30)*24 -> 0.41666667 | G30: 1C RDM - RDM Classic | H30: OR Organization | J30: TODO
A31: LastName, FirstName | B31: 146300100109 | D31: 0.60069444 | E31: 0.6875 | F31: =+(E31-D31)*24 -> 2.0833333 | G31: 1C RDM - RDM Classic | H31: OR Organization | I31: IN Investigation | J31: TODO
A32: LastName, FirstName | B32: 146300100109 | C32: 46059 | D32: 0.35416667 | E32: 0.45833333 | F32: =+(E32-D32)*24 -> 2.5 | G32: 1C RDM - RDM Classic | H32: DV Development | I32: CO Coding | K32: 1216
A33: LastName, FirstName | B33: 146300100109 | D33: 0.45833333 | E33: 0.47916667 | F33: =+(E33-D33)*24 -> 0.5 | G33: 1C RDM - RDM Classic | H33: OR Organization | I33: AL Alignment | J33: Team Meeting
A34: LastName, FirstName | B34: 146300100109 | D34: 0.47916667 | E34: 0.52083333 | F34: =+(E34-D34)*24 -> 1 | G34: 1C RDM - RDM Classic | H34: OR Organization | I34: AL Alignment | J34: Michael <-> Maxi
A35: LastName, FirstName | B35: 146300100109 | D35: 0.52083333 | E35: 0.5625 | F35: =+(E35-D35)*24 -> 1 | G35: 1C RDM - RDM Classic | H35: DV Development | I35: IN Investigation | K35: 1222
A36: LastName, FirstName | B36: 146300100109 | D36: 0.60416667 | E36: 0.64583333 | F36: =+(E36-D36)*24 -> 1 | G36: 1C RDM - RDM Classic | H36: DV Development | I36: TE Testing and Quality | K36: 1216
A37: LastName, FirstName | B37: 146300100109 | D37: 0.66666667 | E37: 0.72916667 | F37: =+(E37-D37)*24 -> 1.5 | G37: 2C RDM C - RDM Cloud Ready | H37: OR Organization | I37: AL Alignment | J37: Cloud Ready Daily Alignment
A38: LastName, FirstName | B38: 146300100109 | C38: 46060 | D38: 0.35416667 | E38: 0.6875 | F38: =+(E38-D38)*24 -> 8 | G38: 9O Off | H38: HO (Public) Holiday | J38: Weekend / Wochenende
A39: LastName, FirstName | B39: 146300100109 | C39: 46061 | D39: 0.35416667 | E39: 0.6875 | F39: =+(E39-D39)*24 -> 8 | G39: 9O Off | H39: HO (Public) Holiday | J39: Weekend / Wochenende
A40: LastName, FirstName | B40: 146300100109 | C40: 46062 | D40: 0.35416667 | E40: 0.6875 | F40: =+(E40-D40)*24 -> 8 | G40: 9O Off | H40: VA Vacation | J40: Concert
A41: LastName, FirstName | B41: 146300100109 | C41: 46063 | D41: 0.35416667 | E41: 0.6875 | F41: =+(E41-D41)*24 -> 8 | G41: 9O Off | H41: VA Vacation | J41: Concert
A42: LastName, FirstName | C42: 46064 | D42: 0.38541667 | E42: 0.4375 | F42: =+(E42-D42)*24 -> 1.25 | G42: 9M Misc | H42: OR Organization | J42: Mails
A43: LastName, FirstName | D43: 0.4375 | E43: 0.46875 | F43: =+(E43-D43)*24 -> 0.75 | G43: 1C RDM - RDM Classic | H43: OR Organization | I43: AL Alignment | J43: Mike <-> Maxi: Prod Hier. | K43: 1222
A44: LastName, FirstName | D44: 0.46875 | E44: 0.51041667 | F44: =+(E44-D44)*24 -> 1 | G44: 2C RDM C - RDM Cloud Ready | H44: DV Development | I44: IN Investigation | J44: Text Entries not persisted
A45: LastName, FirstName | D45: 0.51041667 | E45: 0.625 | F45: =+(E45-D45)*24 -> 2.75 | G45: 2C RDM C - RDM Cloud Ready | H45: DV Development | I45: CO Coding | J45: Text Entries now Work. Features Instance. Check Method and DQM Infrastructure
A46: LastName, FirstName | D46: 0.625 | E46: 0.66666667 | F46: =+(E46-D46)*24 -> 1 | G46: 1C RDM - RDM Classic | H46: OR Organization | I46: AL Alignment | J46: Tester Meeting
A47: LastName, FirstName | D47: 0.66666667 | E47: 0.72916667 | F47: =+(E47-D47)*24 -> 1.5 | G47: 2C RDM C - RDM Cloud Ready | H47: OR Organization | I47: AL Alignment | J47: Cloud Ready Daily Alignment
A48: LastName, FirstName | C48: 46065 | D48: 0.35416667 | E48: 0.375 | F48: =+(E48-D48)*24 -> 0.5 | G48: 9M Misc | H48: OR Organization | J48: Mails and Bayer Access
A49: LastName, FirstName | D49: 0.375 | E49: 0.4375 | F49: =+(E49-D49)*24 -> 1.5 | G49: 1C RDM - RDM Classic | H49: OR Organization | I49: AL Alignment | J49: Dev Meeting & Mike <-> Maxi
A50: LastName, FirstName | D50: 0.4375 | E50: 0.47916667 | F50: =+(E50-D50)*24 -> 1 | G50: 9M Misc | H50: OR Organization | J50: Bayer Access
A51: LastName, FirstName | D51: 0.49305556 | E51: 0.52083333 | F51: =+(E51-D51)*24 -> 0.66666667 | G51: 9M Misc | H51: OR Organization | J51: Bayer Access & Hotline Call - Access Successful !
A52: LastName, FirstName | D52: 0.52083333 | E52: 0.64583333 | F52: =+(E52-D52)*24 -> 3 | G52: 1C RDM - RDM Classic | H52: DV Development | I52: AL Alignment | J52: Mike <-> Maxi. Various Topics and Tickets - Deep Dive
A53: LastName, FirstName | D53: 0.65625 | E53: 0.70833333 | F53: =+(E53-D53)*24 -> 1.25 | G53: 9M Misc | H53: OR Organization | J53: Bayer Acess. Conarum Mail
A54: LastName, FirstName | C54: 46066 | D54: 0.36111111 | E54: 0.41666667 | F54: =+(E54-D54)*24 -> 1.3333333 | G54: 9M Misc | H54: DV Development | I54: CO Coding | J54: Tool
A55: LastName, FirstName | C55: 46066 | D55: 0.41666667 | E55: 0.4375 | F55: =+(E55-D55)*24 -> 0.5 | G55: 1C RDM - RDM Classic | H55: OR Organization | I55: AL Alignment | J55: Michael <-> Maxi
A56: LastName, FirstName | C56: 46066 | D56: 0.4375 | E56: 0.45833333 | F56: =+(E56-D56)*24 -> 0.5 | G56: 1C RDM - RDM Classic | H56: OR Organization | I56: AL Alignment | J56: Basis Meeting
A57: LastName, FirstName | C57: 46066 | D57: 0.45833333 | E57: 0.47916667 | F57: =+(E57-D57)*24 -> 0.5 | G57: 1C RDM - RDM Classic | H57: OR Organization | I57: AL Alignment | J57: Team Meeting
A58: LastName, FirstName | C58: 46066 | D58: 0.47916667 | E58: 0.53125 | F58: =+(E58-D58)*24 -> 1.25 | G58: 1C RDM - RDM Classic | H58: OR Organization | I58: AL Alignment | J58: Bayer Call
A59: LastName, FirstName | C59: 46066 | D59: 0.55208333 | E59: 0.76041667 | F59: =+(E59-D59)*24 -> 5 | G59: 9M Misc | H59: DV Development | I59: CO Coding | J59: Tool
A60: LastName, FirstName | C60: 46067 | D60: 0.35416667 | E60: 0.6875 | F60: =+(E60-D60)*24 -> 8 | G60: 9O Off | H60: HO (Public) Holiday | J60: Weekend / Wochenende
C61: 46068 | D61: 0.55208333 | E61: 0.75 | F61: =+(E61-D61)*24 -> 4.75 | G61: 9M Misc | H61: DV Development | I61: CO Coding | J61: Tool
C62: 46068 | D62: 0.90625 | E62: 0.99930556 | F62: =+(E62-D62)*24 -> 2.2333333 | G62: 9M Misc | H62: DV Development | I62: CO Coding | J62: Tool
A63: LastName, FirstName | C63: 46068 | D63: 0.35416667 | E63: 0.6875 | F63: =+(E63-D63)*24 -> 8 | G63: 9O Off | H63: HO (Public) Holiday | J63: Weekend / Wochenende
A64: LastName, FirstName | C64: 46069 | D64: 0 | E64: 0.041666667 | F64: =+(E64-D64)*24 -> 1 | G64: 9M Misc | H64: DV Development | I64: CO Coding | J64: Tool
A65: LastName, FirstName | C65: 46069 | D65: 0.40277778 | E65: 0.41666667 | F65: =+(E65-D65)*24 -> 0.33333333 | G65: 9M Misc | H65: OR Organization | J65: Mails
A66: LastName, FirstName | C66: 46069 | D66: 0.41666667 | E66: 0.52777778 | F66: =+(E66-D66)*24 -> 2.6666667 | G66: 9M Misc | H66: DV Development | I66: CO Coding | J66: Tool
A67: LastName, FirstName | C67: 46069 | D67: 0.54166667 | E67: 0.60416667 | F67: =+(E67-D67)*24 -> 1.5 | G67: 9M Misc | H67: DV Development | I67: CO Coding | J67: Tool
A68: LastName, FirstName | C68: 46069 | D68: 0.60416667 | E68: 0.625 | F68: =+(E68-D68)*24 -> 0.5 | G68: 1C RDM - RDM Classic | H68: OR Organization | I68: AL Alignment | J68: Bayer Call | K68: 1231
A69: LastName, FirstName | C69: 46069 | D69: 0.625 | E69: 0.77083333 | F69: =+(E69-D69)*24 -> 3.5 | G69: 9M Misc | H69: DV Development | I69: CO Coding | J69: Tool
A70: LastName, FirstName | C70: 46069 | D70: 0.9375 | E70: 0.99930556 | F70: =+(E70-D70)*24 -> 1.4833333 | G70: 9M Misc | H70: DV Development | I70: CO Coding | J70: Tool
A71: LastName, FirstName | C71: 46070 | D71: 0.40277778 | E71: 0.4375 | F71: =+(E71-D71)*24 -> 0.83333333 | G71: 9M Misc | H71: DV Development | I71: CO Coding | J71: Tool
A72: LastName, FirstName | C72: 46070 | D72: 0.4375 | E72: 0.46875 | F72: =+(E72-D72)*24 -> 0.75 | G72: 2C RDM C - RDM Cloud Ready | H72: OR Organization | I72: AL Alignment | J72: SAP Alignment
A73: LastName, FirstName | C73: 46070 | D73: 0.46875 | E73: 0.51041667 | F73: =+(E73-D73)*24 -> 1 | G73: 9M Misc | H73: DV Development | I73: CO Coding | J73: Tool
A74: LastName, FirstName | C74: 46070 | D74: 0.53819444 | E74: 0.66666667 | F74: =+(E74-D74)*24 -> 3.0833333 | G74: 9M Misc | H74: DV Development | I74: CO Coding | J74: Tool
A75: LastName, FirstName | C75: 46070 | F75: =+(E75-D75)*24 -> 0
A76: LastName, FirstName | C76: 46070 | F76: =+(E76-D76)*24 -> 0
A77: LastName, FirstName | C77: 46070 | F77: =+(E77-D77)*24 -> 0
A78: LastName, FirstName | C78: 46070 | F78: =+(E78-D78)*24 -> 0
A79: LastName, FirstName | C79: 46071 | F79: =+(E79-D79)*24 -> 0
A80: LastName, FirstName | C80: 46071 | F80: =+(E80-D80)*24 -> 0
A81: LastName, FirstName | C81: 46071 | F81: =+(E81-D81)*24 -> 0
A82: LastName, FirstName | C82: 46071 | F82: =+(E82-D82)*24 -> 0
A83: LastName, FirstName | C83: 46071 | F83: =+(E83-D83)*24 -> 0
A84: LastName, FirstName | C84: 46071 | F84: =+(E84-D84)*24 -> 0
A85: LastName, FirstName | C85: 46071 | F85: =+(E85-D85)*24 -> 0
A86: LastName, FirstName | C86: 46071 | F86: =+(E86-D86)*24 -> 0
... A102: LastName, FirstName | C102: 46073 | F102: =+(E102-D102)*24 -> 0
A103: LastName, FirstName | C103: 46074 | D103: 0.35416667 | E103: 0.6875 | F103: =+(E103-D103)*24 -> 8 | G103: 9O Off | H103: HO (Public) Holiday | J103: Weekend / Wochenende
A104: LastName, FirstName | C104: 46075 | D104: 0.35416667 | E104: 0.6875 | F104: =+(E104-D104)*24 -> 8 | G104: 9O Off | H104: HO (Public) Holiday | J104: Weekend / Wochenende
A105: LastName, FirstName | C105: 46076
A106: LastName, FirstName | C106: 46076 | F106: =+(E106-D106)*24 -> 0
A107: LastName, FirstName | C107: 46076 | F107: =+(E107-D107)*24 -> 0
A108: LastName, FirstName | C108: 46076 | F108: =+(E108-D108)*24 -> 0
A109: LastName, FirstName | C109: 46076 | F109: =+(E109-D109)*24 -> 0
A110: LastName, FirstName | C110: 46076 | F110: =+(E110-D110)*24 -> 0
A111: LastName, FirstName | C111: 46076 | F111: =+(E111-D111)*24 -> 0
A112: LastName, FirstName | C112: 46076 | F112: =+(E112-D112)*24 -> 0
A113: LastName, FirstName | C113: 46077 | F113: =+(E113-D113)*24 -> 0
A114: LastName, FirstName | C114: 46077 | F114: =+(E114-D114)*24 -> 0
A115: LastName, FirstName | C115: 46077 | F115: =+(E115-D115)*24 -> 0
...

Sheet 03
A1: Name | B1: PSP-Element | C1: Date TT.MM.JJJJ | D1: from hh:mm | E1: to hh:mm | F1: hours autom. calculated | G1: Project (mandatory) | H1: Topic (mandatory) | I1: Task Group (optional) | J1: Description (optional) | K1: Task ID
A2: LastName, FirstName | B2: 146300100109 | C2: 46082 | D2: 0.35416667 | E2: 0.6875 | F2: =+(E2-D2)*24 -> 8 | G2: 9O Off | H2: HO (Public) Holiday | J2: Weekend / Wochenende
A3: LastName, FirstName | B3: 146300100109 | C3: 46083 | F3: =+(E3-D3)*24 -> 0
A4: LastName, FirstName | B4: 146300100109 | C4: 46083 | F4: =+(E4-D4)*24 -> 0
A5: LastName, FirstName | B5: 146300100109 | C5: 46083 | F5: =+(E5-D5)*24 -> 0
A6: LastName, FirstName | B6: 146300100109 | C6: 46083 | F6: =+(E6-D6)*24 -> 0
A7: LastName, FirstName | B7: 146300100109 | C7: 46083 | F7: =+(E7-D7)*24 -> 0
A8: LastName, FirstName | B8: 146300100109 | C8: 46083 | F8: =+(E8-D8)*24 -> 0
A9: LastName, FirstName | C9: 46083 | F9: =+(E9-D9)*24 -> 0
A10: LastName, FirstName | B10: 146300100109 | C10: 46083 | F10: =+(E10-D10)*24 -> 0
A11: LastName, FirstName | B11: 146300100109 | C11: 46084 | F11: =+(E11-D11)*24 -> 0
A12: LastName, FirstName | B12: 146300100109 | C12: 46084 | F12: =+(E12-D12)*24 -> 0
A13: LastName, FirstName | B13: 146300100109 | C13: 46084 | F13: =+(E13-D13)*24 -> 0
A14: LastName, FirstName | B14: 146300100109 | C14: 46084 | F14: =+(E14-D14)*24 -> 0
A15: LastName, FirstName | B15: 146300100109 | C15: 46084 | F15: =+(E15-D15)*24 -> 0
A16: LastName, FirstName | B16: 146300100109 | C16: 46084 | F16: =+(E16-D16)*24 -> 0
A17: LastName, FirstName | B17: 146300100109 | C17: 46084 | F17: =+(E17-D17)*24 -> 0
A18: LastName, FirstName | B18: 146300100109 | C18: 46084 | F18: =+(E18-D18)*24 -> 0
A19: LastName, FirstName | B19: 146300100109 | C19: 46085 | F19: =+(E19-D19)*24 -> 0
A20: LastName, FirstName | B20: 146300100109 | C20: 46085 | F20: =+(E20-D20)*24 -> 0
A21: LastName, FirstName | B21: 146300100109 | C21: 46085 | F21: =+(E21-D21)*24 -> 0
... A42: LastName, FirstName | B42: 146300100109 | C42: 46087 | F42: =+(E42-D42)*24 -> 0
A43: LastName, FirstName | B43: 146300100109 | C43: 46088 | D43: 0.35416667 | E43: 0.6875 | F43: =+(E43-D43)*24 -> 8 | G43: 9O Off | H43: HO (Public) Holiday | J43: Weekend / Wochenende
A44: LastName, FirstName | B44: 146300100109 | C44: 46089 | D44: 0.35416667 | E44: 0.6875 | F44: =+(E44-D44)*24 -> 8 | G44: 9O Off | H44: HO (Public) Holiday | J44: Weekend / Wochenende
A45: LastName, FirstName | B45: 146300100109 | C45: 46090 | F45: =+(E45-D45)*24 -> 0
A46: LastName, FirstName | B46: 146300100109 | C46: 46090 | F46: =+(E46-D46)*24 -> 0
A47: LastName, FirstName | B47: 146300100109 | C47: 46090 | F47: =+(E47-D47)*24 -> 0
A48: LastName, FirstName | B48: 146300100109 | C48: 46090 | F48: =+(E48-D48)*24 -> 0
A49: LastName, FirstName | B49: 146300100109 | C49: 46090 | F49: =+(E49-D49)*24 -> 0
A50: LastName, FirstName | B50: 146300100109 | C50: 46090 | F50: =+(E50-D50)*24 -> 0
A51: LastName, FirstName | B51: 146300100109 | C51: 46090 | F51: =+(E51-D51)*24 -> 0
A52: LastName, FirstName | B52: 146300100109 | C52: 46090 | F52: =+(E52-D52)*24 -> 0
A53: LastName, FirstName | C53: 46091 | F53: =+(E53-D53)*24 -> 0
A54: LastName, FirstName | C54: 46091 | F54: =+(E54-D54)*24 -> 0
A55: LastName, FirstName | C55: 46091 | F55: =+(E55-D55)*24 -> 0
A56: LastName, FirstName | C56: 46091 | F56: =+(E56-D56)*24 -> 0
A57: LastName, FirstName | C57: 46091 | F57: =+(E57-D57)*24 -> 0
A58: LastName, FirstName | C58: 46091 | F58: =+(E58-D58)*24 -> 0
A59: LastName, FirstName | C59: 46091 | F59: =+(E59-D59)*24 -> 0
A60: LastName, FirstName | C60: 46091 | F60: =+(E60-D60)*24 -> 0
A61: LastName, FirstName | C61: 46092 | F61: =+(E61-D61)*24 -> 0
A62: LastName, FirstName | C62: 46092 | F62: =+(E62-D62)*24 -> 0
A63: LastName, FirstName | C63: 46092 | F63: =+(E63-D63)*24 -> 0
A64: LastName, FirstName | C64: 46092 | F64: =+(E64-D64)*24 -> 0
... A84: LastName, FirstName | C84: 46094 | F84: =+(E84-D84)*24 -> 0
A85: LastName, FirstName | C85: 46095 | D85: 0.35416667 | E85: 0.6875 | F85: =+(E85-D85)*24 -> 8 | G85: 9O Off | H85: HO (Public) Holiday | J85: Weekend / Wochenende
A86: LastName, FirstName | C86: 46096 | D86: 0.35416667 | E86: 0.6875 | F86: =+(E86-D86)*24 -> 8 | G86: 9O Off | H86: HO (Public) Holiday | J86: Weekend / Wochenende
A87: LastName, FirstName | C87: 46097 | F87: =+(E87-D87)*24 -> 0
A88: LastName, FirstName | C88: 46097 | F88: =+(E88-D88)*24 -> 0
A89: LastName, FirstName | C89: 46097 | F89: =+(E89-D89)*24 -> 0
A90: LastName, FirstName | C90: 46097 | F90: =+(E90-D90)*24 -> 0
A91: LastName, FirstName | C91: 46097 | F91: =+(E91-D91)*24 -> 0
A92: LastName, FirstName | C92: 46097 | F92: =+(E92-D92)*24 -> 0
A93: LastName, FirstName | C93: 46097 | F93: =+(E93-D93)*24 -> 0
A94: LastName, FirstName | C94: 46097 | F94: =+(E94-D94)*24 -> 0
A95: LastName, FirstName | C95: 46098 | F95: =+(E95-D95)*24 -> 0
A96: LastName, FirstName | C96: 46098 | F96: =+(E96-D96)*24 -> 0
A97: LastName, FirstName | C97: 46098 | F97: =+(E97-D97)*24 -> 0
A98: LastName, FirstName | C98: 46098 | F98: =+(E98-D98)*24 -> 0
... A126: LastName, FirstName | C126: 46101 | F126: =+(E126-D126)*24 -> 0
A127: LastName, FirstName | C127: 46102 | D127: 0.35416667 | E127: 0.6875 | F127: =+(E127-D127)*24 -> 8 | G127: 9O Off | H127: HO (Public) Holiday | J127: Weekend / Wochenende
A128: LastName, FirstName | C128: 46103 | D128: 0.35416667 | E128: 0.6875 | F128: =+(E128-D128)*24 -> 8 | G128: 9O Off | H128: HO (Public) Holiday | J128: Weekend / Wochenende
A129: LastName, FirstName | C129: 46104 | F129: =+(E129-D129)*24 -> 0
A130: LastName, FirstName | C130: 46104 | F130: =+(E130-D130)*24 -> 0
A131: LastName, FirstName | C131: 46104 | F131: =+(E131-D131)*24 -> 0
A132: LastName, FirstName | C132: 46104 | F132: =+(E132-D132)*24 -> 0
A133: LastName, FirstName | C133: 46104 | F133: =+(E133-D133)*24 -> 0
A134: LastName, FirstName | C134: 46104 | F134: =+(E134-D134)*24 -> 0
A135: LastName, FirstName | C135: 46104 | F135: =+(E135-D135)*24 -> 0
A136: LastName, FirstName | C136: 46104 | F136: =+(E136-D136)*24 -> 0
A137: LastName, FirstName | C137: 46105 | F137: =+(E137-D137)*24 -> 0
A138: LastName, FirstName | C138: 46105 | F138: =+(E138-D138)*24 -> 0
A139: LastName, FirstName | C139: 46105 | F139: =+(E139-D139)*24 -> 0
A140: LastName, FirstName | C140: 46105 | F140: =+(E140-D140)*24 -> 0
... A168: LastName, FirstName | C168: 46108 | F168: =+(E168-D168)*24 -> 0
A169: LastName, FirstName | C169: 46109 | D169: 0.35416667 | E169: 0.6875 | F169: =+(E169-D169)*24 -> 8 | G169: 9O Off | H169: HO (Public) Holiday | J169: Weekend / Wochenende
A170: LastName, FirstName | C170: 46109 | D170: 0.35416667 | E170: 0.6875 | F170: =+(E170-D170)*24 -> 8 | G170: 9O Off | H170: HO (Public) Holiday | J170: Weekend / Wochenende
A171: LastName, FirstName | C171: 46110 | F171: =+(E171-D171)*24 -> 0
A172: LastName, FirstName | C172: 46110 | F172: =+(E172-D172)*24 -> 0
A173: LastName, FirstName | C173: 46110 | F173: =+(E173-D173)*24 -> 0
A174: LastName, FirstName | C174: 46110 | F174: =+(E174-D174)*24 -> 0
A175: LastName, FirstName | C175: 46110 | F175: =+(E175-D175)*24 -> 0
A176: LastName, FirstName | C176: 46110 | F176: =+(E176-D176)*24 -> 0
A177: LastName, FirstName | C177: 46110 | F177: =+(E177-D177)*24 -> 0
A178: LastName, FirstName | C178: 46110 | F178: =+(E178-D178)*24 -> 0
A179: LastName, FirstName | C179: 46111 | F179: =+(E179-D179)*24 -> 0
A180: LastName, FirstName | C180: 46111 | F180: =+(E180-D180)*24 -> 0
A181: LastName, FirstName | C181: 46111 | F181: =+(E181-D181)*24 -> 0
A182: LastName, FirstName | C182: 46111 | F182: =+(E182-D182)*24 -> 0
... A194: LastName, FirstName | C194: 46112 | F194: =+(E194-D194)*24 -> 0
A195: LastName, FirstName | F195: =+(E195-D195)*24 -> 0
A196: LastName, FirstName | F196: =+(E196-D196)*24 -> 0
A197: LastName, FirstName | F197: =+(E197-D197)*24 -> 0
A198: LastName, FirstName | F198: =+(E198-D198)*24 -> 0
A199: LastName, FirstName | F199: =+(E199-D199)*24 -> 0
A200: LastName, FirstName | F200: =+(E200-D200)*24 -> 0
A201: LastName, FirstName | F201: =+(E201-D201)*24 -> 0
A202: LastName, FirstName | F202: =+(E202-D202)*24 -> 0
A203: LastName, FirstName | F203: =+(E203-D203)*24 -> 0
A204: LastName, FirstName | F204: =+(E204-D204)*24 -> 0
...

Sheet 04
A1: Name | B1: PSP-Element | C1: Date TT.MM.JJJJ | D1: from hh:mm | E1: to hh:mm | F1: hours autom. calculated | G1: Project (mandatory) | H1: Topic (mandatory) | I1: Task Group (optional) | J1: Description (optional) | K1: Task ID
A2: LastName, FirstName | B2: 146300100109 | C2: 46113 | F2: =+(E2-D2)*24 -> 0
A3: LastName, FirstName | B3: 146300100109 | C3: 46113 | F3: =+(E3-D3)*24 -> 0
A4: LastName, FirstName | B4: 146300100109 | C4: 46113 | F4: =+(E4-D4)*24 -> 0
A5: LastName, FirstName | B5: 146300100109 | C5: 46113 | F5: =+(E5-D5)*24 -> 0
A6: LastName, FirstName | B6: 146300100109 | C6: 46113 | F6: =+(E6-D6)*24 -> 0
A7: LastName, FirstName | B7: 146300100109 | C7: 46113 | F7: =+(E7-D7)*24 -> 0
A8: LastName, FirstName | B8: 146300100109 | C8: 46113 | F8: =+(E8-D8)*24 -> 0
A9: LastName, FirstName | C9: 46113 | F9: =+(E9-D9)*24 -> 0
A10: LastName, FirstName | B10: 146300100109 | C10: 46114 | F10: =+(E10-D10)*24 -> 0
A11: LastName, FirstName | B11: 146300100109 | C11: 46114 | F11: =+(E11-D11)*24 -> 0
A12: LastName, FirstName | B12: 146300100109 | C12: 46114 | F12: =+(E12-D12)*24 -> 0
A13: LastName, FirstName | B13: 146300100109 | C13: 46114 | F13: =+(E13-D13)*24 -> 0
A14: LastName, FirstName | B14: 146300100109 | C14: 46114 | F14: =+(E14-D14)*24 -> 0
A15: LastName, FirstName | B15: 146300100109 | C15: 46114 | F15: =+(E15-D15)*24 -> 0
A16: LastName, FirstName | B16: 146300100109 | C16: 46114 | F16: =+(E16-D16)*24 -> 0
A17: LastName, FirstName | B17: 146300100109 | C17: 46114 | F17: =+(E17-D17)*24 -> 0
A18: LastName, FirstName | B18: 146300100109 | C18: 46115 | D18: 0.35416667 | E18: 0.6875 | F18: =+(E18-D18)*24 -> 8 | G18: 9O Off | H18: HO (Public) Holiday | J18: Good Friday / Karfreitag
A19: LastName, FirstName | B19: 146300100109 | C19: 46116 | D19: 0.35416667 | E19: 0.6875 | F19: =+(E19-D19)*24 -> 8 | G19: 9O Off | H19: HO (Public) Holiday | J19: Weekend / Wochenende
A20: LastName, FirstName | B20: 146300100109 | C20: 46117 | D20: 0.35416667 | E20: 0.6875 | F20: =+(E20-D20)*24 -> 8 | G20: 9O Off | H20: HO (Public) Holiday | J20: Weekend / Wochenende
A21: LastName, FirstName | B21: 146300100109 | C21: 46118 | D21: 0.35416667 | E21: 0.6875 | F21: =+(E21-D21)*24 -> 8 | G21: 9O Off | H21: HO (Public) Holiday | J21: Easter Monday / Ostermontag
A22: LastName, FirstName | B22: 146300100109 | C22: 46119 | F22: =+(E22-D22)*24 -> 0
A23: LastName, FirstName | B23: 146300100109 | C23: 46119 | F23: =+(E23-D23)*24 -> 0
A24: LastName, FirstName | B24: 146300100109 | C24: 46119 | F24: =+(E24-D24)*24 -> 0
A25: LastName, FirstName | B25: 146300100109 | C25: 46119 | F25: =+(E25-D25)*24 -> 0
A26: LastName, FirstName | B26: 146300100109 | C26: 46119 | F26: =+(E26-D26)*24 -> 0
A27: LastName, FirstName | B27: 146300100109 | C27: 46119 | F27: =+(E27-D27)*24 -> 0
A28: LastName, FirstName | B28: 146300100109 | C28: 46119 | F28: =+(E28-D28)*24 -> 0
A29: LastName, FirstName | B29: 146300100109 | C29: 46119 | F29: =+(E29-D29)*24 -> 0
A30: LastName, FirstName | B30: 146300100109 | C30: 46120 | F30: =+(E30-D30)*24 -> 0
A31: LastName, FirstName | B31: 146300100109 | C31: 46120 | F31: =+(E31-D31)*24 -> 0
A32: LastName, FirstName | B32: 146300100109 | C32: 46120 | F32: =+(E32-D32)*24 -> 0
A33: LastName, FirstName | B33: 146300100109 | C33: 46120 | F33: =+(E33-D33)*24 -> 0
... A52: LastName, FirstName | B52: 146300100109 | C52: 46122 | F52: =+(E52-D52)*24 -> 0
A53: LastName, FirstName | C53: 46122 | F53: =+(E53-D53)*24 -> 0
A54: LastName, FirstName | C54: 46123 | D54: 0.35416667 | E54: 0.6875 | F54: =+(E54-D54)*24 -> 8 | G54: 9O Off | H54: HO (Public) Holiday | J54: Weekend / Wochenende
A55: LastName, FirstName | C55: 46124 | D55: 0.35416667 | E55: 0.6875 | F55: =+(E55-D55)*24 -> 8 | G55: 9O Off | H55: HO (Public) Holiday | J55: Weekend / Wochenende
A56: LastName, FirstName | C56: 46125 | F56: =+(E56-D56)*24 -> 0
A57: LastName, FirstName | C57: 46125 | F57: =+(E57-D57)*24 -> 0
A58: LastName, FirstName | C58: 46125 | F58: =+(E58-D58)*24 -> 0
A59: LastName, FirstName | C59: 46125 | F59: =+(E59-D59)*24 -> 0
A60: LastName, FirstName | C60: 46125 | F60: =+(E60-D60)*24 -> 0
A61: LastName, FirstName | C61: 46125 | F61: =+(E61-D61)*24 -> 0
A62: LastName, FirstName | C62: 46125 | F62: =+(E62-D62)*24 -> 0
A63: LastName, FirstName | C63: 46125 | F63: =+(E63-D63)*24 -> 0
A64: LastName, FirstName | C64: 46126 | F64: =+(E64-D64)*24 -> 0
A65: LastName, FirstName | C65: 46126 | F65: =+(E65-D65)*24 -> 0
A66: LastName, FirstName | C66: 46126 | F66: =+(E66-D66)*24 -> 0
A67: LastName, FirstName | C67: 46126 | F67: =+(E67-D67)*24 -> 0
... A95: LastName, FirstName | C95: 46129 | F95: =+(E95-D95)*24 -> 0
A96: LastName, FirstName | C96: 46130 | D96: 0.35416667 | E96: 0.6875 | F96: =+(E96-D96)*24 -> 8 | G96: 9O Off | H96: HO (Public) Holiday | J96: Weekend / Wochenende
A97: LastName, FirstName | C97: 46131 | D97: 0.35416667 | E97: 0.6875 | F97: =+(E97-D97)*24 -> 8 | G97: 9O Off | H97: HO (Public) Holiday | J97: Weekend / Wochenende
A98: LastName, FirstName | C98: 46132 | F98: =+(E98-D98)*24 -> 0
A99: LastName, FirstName | C99: 46132 | F99: =+(E99-D99)*24 -> 0
A100: LastName, FirstName | C100: 46132 | F100: =+(E100-D100)*24 -> 0
A101: LastName, FirstName | C101: 46132 | F101: =+(E101-D101)*24 -> 0
A102: LastName, FirstName | C102: 46132 | F102: =+(E102-D102)*24 -> 0
A103: LastName, FirstName | C103: 46132 | F103: =+(E103-D103)*24 -> 0
A104: LastName, FirstName | C104: 46132 | F104: =+(E104-D104)*24 -> 0
A105: LastName, FirstName | C105: 46132 | F105: =+(E105-D105)*24 -> 0
A106: LastName, FirstName | C106: 46133 | F106: =+(E106-D106)*24 -> 0
A107: LastName, FirstName | C107: 46133 | F107: =+(E107-D107)*24 -> 0
A108: LastName, FirstName | C108: 46133 | F108: =+(E108-D108)*24 -> 0
A109: LastName, FirstName | C109: 46133 | F109: =+(E109-D109)*24 -> 0
... A137: LastName, FirstName | C137: 46136 | F137: =+(E137-D137)*24 -> 0
A138: LastName, FirstName | C138: 46137 | D138: 0.35416667 | E138: 0.6875 | F138: =+(E138-D138)*24 -> 8 | G138: 9O Off | H138: HO (Public) Holiday | J138: Weekend / Wochenende
A139: LastName, FirstName | C139: 46138 | D139: 0.35416667 | E139: 0.6875 | F139: =+(E139-D139)*24 -> 8 | G139: 9O Off | H139: HO (Public) Holiday | J139: Weekend / Wochenende
A140: LastName, FirstName | C140: 46139 | F140: =+(E140-D140)*24 -> 0
A141: LastName, FirstName | C141: 46139 | F141: =+(E141-D141)*24 -> 0
A142: LastName, FirstName | C142: 46139 | F142: =+(E142-D142)*24 -> 0
A143: LastName, FirstName | C143: 46139 | F143: =+(E143-D143)*24 -> 0
A144: LastName, FirstName | C144: 46139 | F144: =+(E144-D144)*24 -> 0
A145: LastName, FirstName | C145: 46139 | F145: =+(E145-D145)*24 -> 0
A146: LastName, FirstName | C146: 46139 | F146: =+(E146-D146)*24 -> 0
A147: LastName, FirstName | C147: 46139 | F147: =+(E147-D147)*24 -> 0
A148: LastName, FirstName | C148: 46140 | F148: =+(E148-D148)*24 -> 0
A149: LastName, FirstName | C149: 46140 | F149: =+(E149-D149)*24 -> 0
A150: LastName, FirstName | C150: 46140 | F150: =+(E150-D150)*24 -> 0
A151: LastName, FirstName | C151: 46140 | F151: =+(E151-D151)*24 -> 0
... A171: LastName, FirstName | C171: 46142 | F171: =+(E171-D171)*24 -> 0
A172: LastName, FirstName | F172: =+(E172-D172)*24 -> 0
A173: LastName, FirstName | F173: =+(E173-D173)*24 -> 0
A174: LastName, FirstName | F174: =+(E174-D174)*24 -> 0
A175: LastName, FirstName | F175: =+(E175-D175)*24 -> 0
A176: LastName, FirstName | F176: =+(E176-D176)*24 -> 0
A177: LastName, FirstName | F177: =+(E177-D177)*24 -> 0
A178: LastName, FirstName | F178: =+(E178-D178)*24 -> 0
A179: LastName, FirstName | F179: =+(E179-D179)*24 -> 0
A180: LastName, FirstName | F180: =+(E180-D180)*24 -> 0
A181: LastName, FirstName | F181: =+(E181-D181)*24 -> 0
A182: LastName, FirstName | F182: =+(E182-D182)*24 -> 0
A183: LastName, FirstName | F183: =+(E183-D183)*24 -> 0
... A298: LastName, FirstName | F298: =+(E298-D298)*24 -> 0
F300: =SUBTOTAL(9,$F$2:$F$299) -> 80 | G300: Formula
F301: 0 | G301: 1C RDM - RDM Classic
F302: 0 | G302: 2C RDM C - RDM Cloud Ready
F303: 0 | G303: 9M Misc
F304: 0 | G304: 9O Off (incl. VA, IL, HO)
F306: =SUBTOTAL(9,F301:F304) -> 0 | G306: Sum (hours)
F307: =F306/8 -> 0 | G307: Sum (days)
...

Sheet 05
A1: Name | B1: PSP-Element | C1: Date TT.MM.JJJJ | D1: from hh:mm | E1: to hh:mm | F1: hours autom. calculated | G1: Project (mandatory) | H1: Topic (mandatory) | I1: Task Group (optional) | J1: Description (optional) | K1: Task ID
A2: LastName, FirstName | B2: 146300100109 | C2: 46143 | D2: 0.35416667 | E2: 0.6875 | F2: =+(E2-D2)*24 -> 8 | G2: 9O Off | H2: HO (Public) Holiday | J2: Labor Day / Tag der Arbeit
A3: LastName, FirstName | B3: 146300100109 | C3: 46144 | D3: 0.35416667 | E3: 0.6875 | F3: =+(E3-D3)*24 -> 8 | G3: 9O Off | H3: HO (Public) Holiday | J3: Weekend / Wochenende
A4: LastName, FirstName | B4: 146300100109 | C4: 46145 | D4: 0.35416667 | E4: 0.6875 | F4: =+(E4-D4)*24 -> 8 | G4: 9O Off | H4: HO (Public) Holiday | J4: Weekend / Wochenende
A5: LastName, FirstName | B5: 146300100109 | C5: 46146 | F5: =+(E5-D5)*24 -> 0
A6: LastName, FirstName | B6: 146300100109 | C6: 46146 | F6: =+(E6-D6)*24 -> 0
A7: LastName, FirstName | B7: 146300100109 | C7: 46146 | F7: =+(E7-D7)*24 -> 0
A8: LastName, FirstName | B8: 146300100109 | C8: 46146 | F8: =+(E8-D8)*24 -> 0
A9: LastName, FirstName | C9: 46146 | F9: =+(E9-D9)*24 -> 0
A10: LastName, FirstName | B10: 146300100109 | C10: 46146 | F10: =+(E10-D10)*24 -> 0
A11: LastName, FirstName | B11: 146300100109 | C11: 46146 | F11: =+(E11-D11)*24 -> 0
A12: LastName, FirstName | B12: 146300100109 | C12: 46146 | F12: =+(E12-D12)*24 -> 0
A13: LastName, FirstName | B13: 146300100109 | C13: 46147 | F13: =+(E13-D13)*24 -> 0
A14: LastName, FirstName | B14: 146300100109 | C14: 46147 | F14: =+(E14-D14)*24 -> 0
A15: LastName, FirstName | B15: 146300100109 | C15: 46147 | F15: =+(E15-D15)*24 -> 0
A16: LastName, FirstName | B16: 146300100109 | C16: 46147 | F16: =+(E16-D16)*24 -> 0
A17: LastName, FirstName | B17: 146300100109 | C17: 46147 | F17: =+(E17-D17)*24 -> 0
A18: LastName, FirstName | B18: 146300100109 | C18: 46147 | F18: =+(E18-D18)*24 -> 0
A19: LastName, FirstName | B19: 146300100109 | C19: 46147 | F19: =+(E19-D19)*24 -> 0
A20: LastName, FirstName | B20: 146300100109 | C20: 46147 | F20: =+(E20-D20)*24 -> 0
A21: LastName, FirstName | B21: 146300100109 | C21: 46148 | F21: =+(E21-D21)*24 -> 0
... A44: LastName, FirstName | B44: 146300100109 | C44: 46150 | F44: =+(E44-D44)*24 -> 0
A45: LastName, FirstName | B45: 146300100109 | C45: 46151 | D45: 0.35416667 | E45: 0.6875 | F45: =+(E45-D45)*24 -> 8 | G45: 9O Off | H45: HO (Public) Holiday | J45: Weekend / Wochenende
A46: LastName, FirstName | B46: 146300100109 | C46: 46152 | D46: 0.35416667 | E46: 0.6875 | F46: =+(E46-D46)*24 -> 8 | G46: 9O Off | H46: HO (Public) Holiday | J46: Weekend / Wochenende
A47: LastName, FirstName | B47: 146300100109 | C47: 46153 | F47: =+(E47-D47)*24 -> 0
A48: LastName, FirstName | B48: 146300100109 | C48: 46153 | F48: =+(E48-D48)*24 -> 0
A49: LastName, FirstName | B49: 146300100109 | C49: 46153 | F49: =+(E49-D49)*24 -> 0
A50: LastName, FirstName | B50: 146300100109 | C50: 46153 | F50: =+(E50-D50)*24 -> 0
A51: LastName, FirstName | B51: 146300100109 | C51: 46153 | F51: =+(E51-D51)*24 -> 0
A52: LastName, FirstName | B52: 146300100109 | C52: 46153 | F52: =+(E52-D52)*24 -> 0
A53: LastName, FirstName | C53: 46153 | F53: =+(E53-D53)*24 -> 0
A54: LastName, FirstName | C54: 46153 | F54: =+(E54-D54)*24 -> 0
A55: LastName, FirstName | C55: 46154 | F55: =+(E55-D55)*24 -> 0
A56: LastName, FirstName | C56: 46154 | F56: =+(E56-D56)*24 -> 0
A57: LastName, FirstName | C57: 46154 | F57: =+(E57-D57)*24 -> 0
A58: LastName, FirstName | C58: 46154 | F58: =+(E58-D58)*24 -> 0
A59: LastName, FirstName | C59: 46154 | F59: =+(E59-D59)*24 -> 0
A60: LastName, FirstName | C60: 46154 | F60: =+(E60-D60)*24 -> 0
A61: LastName, FirstName | C61: 46154 | F61: =+(E61-D61)*24 -> 0
A62: LastName, FirstName | C62: 46154 | F62: =+(E62-D62)*24 -> 0
A63: LastName, FirstName | C63: 46155 | F63: =+(E63-D63)*24 -> 0
A64: LastName, FirstName | C64: 46155 | F64: =+(E64-D64)*24 -> 0
... A85: LastName, FirstName | C85: 46157 | F85: =+(E85-D85)*24 -> 0
A86: LastName, FirstName | C86: 46158 | D86: 0.35416667 | E86: 0.6875 | F86: =+(E86-D86)*24 -> 8 | G86: 9O Off | H86: HO (Public) Holiday | J86: Weekend / Wochenende
A87: LastName, FirstName | C87: 46159 | D87: 0.35416667 | E87: 0.6875 | F87: =+(E87-D87)*24 -> 8 | G87: 9O Off | H87: HO (Public) Holiday | J87: Weekend / Wochenende
A88: LastName, FirstName | C88: 46160 | F88: =+(E88-D88)*24 -> 0
A89: LastName, FirstName | C89: 46160 | F89: =+(E89-D89)*24 -> 0
A90: LastName, FirstName | C90: 46160 | F90: =+(E90-D90)*24 -> 0
A91: LastName, FirstName | C91: 46160 | F91: =+(E91-D91)*24 -> 0
A92: LastName, FirstName | C92: 46160 | F92: =+(E92-D92)*24 -> 0
A93: LastName, FirstName | C93: 46160 | F93: =+(E93-D93)*24 -> 0
A94: LastName, FirstName | C94: 46160 | F94: =+(E94-D94)*24 -> 0
A95: LastName, FirstName | C95: 46160 | F95: =+(E95-D95)*24 -> 0
A96: LastName, FirstName | C96: 46161 | F96: =+(E96-D96)*24 -> 0
A97: LastName, FirstName | C97: 46161 | F97: =+(E97-D97)*24 -> 0
A98: LastName, FirstName | C98: 46161 | F98: =+(E98-D98)*24 -> 0
A99: LastName, FirstName | C99: 46161 | F99: =+(E99-D99)*24 -> 0
... A127: LastName, FirstName | C127: 46164 | F127: =+(E127-D127)*24 -> 0
A128: LastName, FirstName | C128: 46165 | D128: 0.35416667 | E128: 0.6875 | F128: =+(E128-D128)*24 -> 8 | G128: 9O Off | H128: HO (Public) Holiday | J128: Weekend / Wochenende
A129: LastName, FirstName | C129: 46166 | D129: 0.35416667 | E129: 0.6875 | F129: =+(E129-D129)*24 -> 8 | G129: 9O Off | H129: HO (Public) Holiday | J129: Weekend / Wochenende
A130: LastName, FirstName | C130: 46167 | D130: 0.35416667 | E130: 0.6875 | F130: =+(E130-D130)*24 -> 8 | G130: 9O Off | H130: HO (Public) Holiday | J130: Whit Monday / Pfingstmontag
A131: LastName, FirstName | C131: 46168 | F131: =+(E131-D131)*24 -> 0
A132: LastName, FirstName | C132: 46168 | F132: =+(E132-D132)*24 -> 0
A133: LastName, FirstName | C133: 46168 | F133: =+(E133-D133)*24 -> 0
A134: LastName, FirstName | C134: 46168 | F134: =+(E134-D134)*24 -> 0
A135: LastName, FirstName | C135: 46168 | F135: =+(E135-D135)*24 -> 0
A136: LastName, FirstName | C136: 46168 | F136: =+(E136-D136)*24 -> 0
A137: LastName, FirstName | C137: 46168 | F137: =+(E137-D137)*24 -> 0
A138: LastName, FirstName | C138: 46168 | F138: =+(E138-D138)*24 -> 0
A139: LastName, FirstName | C139: 46169 | F139: =+(E139-D139)*24 -> 0
A140: LastName, FirstName | C140: 46169 | F140: =+(E140-D140)*24 -> 0
A141: LastName, FirstName | C141: 46169 | F141: =+(E141-D141)*24 -> 0
A142: LastName, FirstName | C142: 46169 | F142: =+(E142-D142)*24 -> 0
... A162: LastName, FirstName | C162: 46171 | F162: =+(E162-D162)*24 -> 0
A163: LastName, FirstName | C163: 46172 | D163: 0.35416667 | E163: 0.6875 | F163: =+(E163-D163)*24 -> 8 | G163: 9O Off | H163: HO (Public) Holiday | J163: Weekend / Wochenende
A164: LastName, FirstName | C164: 46173 | D164: 0.35416667 | E164: 0.6875 | F164: =+(E164-D164)*24 -> 8 | G164: 9O Off | H164: HO (Public) Holiday | J164: Weekend / Wochenende
A165: LastName, FirstName | F165: =+(E165-D165)*24 -> 0
A166: LastName, FirstName | F166: =+(E166-D166)*24 -> 0
A167: LastName, FirstName | F167: =+(E167-D167)*24 -> 0
A168: LastName, FirstName | F168: =+(E168-D168)*24 -> 0
A169: LastName, FirstName | F169: =+(E169-D169)*24 -> 0
A170: LastName, FirstName | F170: =+(E170-D170)*24 -> 0
A171: LastName, FirstName | F171: =+(E171-D171)*24 -> 0
A172: LastName, FirstName | F172: =+(E172-D172)*24 -> 0
A173: LastName, FirstName | F173: =+(E173-D173)*24 -> 0
A174: LastName, FirstName | F174: =+(E174-D174)*24 -> 0
A175: LastName, FirstName | F175: =+(E175-D175)*24 -> 0
A176: LastName, FirstName | F176: =+(E176-D176)*24 -> 0
... A298: LastName, FirstName | F298: =+(E298-D298)*24 -> 0
F300: =SUBTOTAL(9,$F$2:$F$299) -> 96 | G300: Formula
F301: 0 | G301: 1C RDM - RDM Classic
F302: 0 | G302: 2C RDM C - RDM Cloud Ready
F303: 0 | G303: 9M Misc
F304: 0 | G304: 9O Off (incl. VA, IL, HO)
F306: =SUBTOTAL(9,F301:F304) -> 0 | G306: Sum (hours)
F307: =F306/8 -> 0 | G307: Sum (days)
F310: 0 | G310: Vacation (hours)

Sheet 06
A1: Name | B1: PSP-Element | C1: Date TT.MM.JJJJ | D1: from hh:mm | E1: to hh:mm | F1: hours autom. calculated | G1: Project (mandatory) | H1: Topic (mandatory) | I1: Task Group (optional) | J1: Description (optional) | K1: Task ID
A2: LastName, FirstName | B2: 146300100109 | C2: 46174 | F2: =+(E2-D2)*24 -> 0
A3: LastName, FirstName | B3: 146300100109 | C3: 46174 | F3: =+(E3-D3)*24 -> 0
A4: LastName, FirstName | B4: 146300100109 | C4: 46174 | F4: =+(E4-D4)*24 -> 0
A5: LastName, FirstName | B5: 146300100109 | C5: 46174 | F5: =+(E5-D5)*24 -> 0
A6: LastName, FirstName | B6: 146300100109 | C6: 46174 | F6: =+(E6-D6)*24 -> 0
A7: LastName, FirstName | B7: 146300100109 | C7: 46174 | F7: =+(E7-D7)*24 -> 0
A8: LastName, FirstName | B8: 146300100109 | C8: 46174 | F8: =+(E8-D8)*24 -> 0
A9: LastName, FirstName | C9: 46174 | F9: =+(E9-D9)*24 -> 0
A10: LastName, FirstName | B10: 146300100109 | C10: 46174 | F10: =+(E10-D10)*24 -> 0
A11: LastName, FirstName | B11: 146300100109 | C11: 46175 | F11: =+(E11-D11)*24 -> 0
A12: LastName, FirstName | B12: 146300100109 | C12: 46175 | F12: =+(E12-D12)*24 -> 0
A13: LastName, FirstName | B13: 146300100109 | C13: 46175 | F13: =+(E13-D13)*24 -> 0
A14: LastName, FirstName | B14: 146300100109 | C14: 46175 | F14: =+(E14-D14)*24 -> 0
A15: LastName, FirstName | B15: 146300100109 | C15: 46175 | F15: =+(E15-D15)*24 -> 0
A16: LastName, FirstName | B16: 146300100109 | C16: 46175 | F16: =+(E16-D16)*24 -> 0
A17: LastName, FirstName | B17: 146300100109 | C17: 46175 | F17: =+(E17-D17)*24 -> 0
A18: LastName, FirstName | B18: 146300100109 | C18: 46175 | F18: =+(E18-D18)*24 -> 0
A19: LastName, FirstName | B19: 146300100109 | C19: 46175 | F19: =+(E19-D19)*24 -> 0
A20: LastName, FirstName | B20: 146300100109 | C20: 46176 | F20: =+(E20-D20)*24 -> 0
A21: LastName, FirstName | B21: 146300100109 | C21: 46176 | F21: =+(E21-D21)*24 -> 0
... A28: LastName, FirstName | B28: 146300100109 | C28: 46176 | F28: =+(E28-D28)*24 -> 0
A29: LastName, FirstName | B29: 146300100109 | C29: 46177 | D29: 0.35416667 | E29: 0.6875 | F29: =+(E29-D29)*24 -> 8 | G29: 9O Off | H29: HO (Public) Holiday | J29: Fronleichnam / Corpus Christi
A30: LastName, FirstName | B30: 146300100109 | C30: 46177 | F30: =+(E30-D30)*24 -> 0
A31: LastName, FirstName | B31: 146300100109 | C31: 46177 | F31: =+(E31-D31)*24 -> 0
A32: LastName, FirstName | B32: 146300100109 | C32: 46177 | F32: =+(E32-D32)*24 -> 0
A33: LastName, FirstName | B33: 146300100109 | C33: 46177 | F33: =+(E33-D33)*24 -> 0
A34: LastName, FirstName | B34: 146300100109 | C34: 46177 | F34: =+(E34-D34)*24 -> 0
A35: LastName, FirstName | B35: 146300100109 | C35: 46177 | F35: =+(E35-D35)*24 -> 0
A36: LastName, FirstName | B36: 146300100109 | C36: 46177 | F36: =+(E36-D36)*24 -> 0
A37: LastName, FirstName | B37: 146300100109 | C37: 46177 | F37: =+(E37-D37)*24 -> 0
A38: LastName, FirstName | B38: 146300100109 | C38: 46178 | F38: =+(E38-D38)*24 -> 0
A39: LastName, FirstName | B39: 146300100109 | C39: 46178 | F39: =+(E39-D39)*24 -> 0
A40: LastName, FirstName | B40: 146300100109 | C40: 46178 | F40: =+(E40-D40)*24 -> 0
A41: LastName, FirstName | B41: 146300100109 | C41: 46178 | F41: =+(E41-D41)*24 -> 0
... A46: LastName, FirstName | B46: 146300100109 | C46: 46178 | F46: =+(E46-D46)*24 -> 0
A47: LastName, FirstName | B47: 146300100109 | C47: 46179 | D47: 0.35416667 | E47: 0.6875 | F47: =+(E47-D47)*24 -> 8 | G47: 9O Off | H47: HO (Public) Holiday | J47: Weekend / Wochenende
A48: LastName, FirstName | B48: 146300100109 | C48: 46179
A49: LastName, FirstName | B49: 146300100109 | C49: 46179 | F49: =+(E49-D49)*24 -> 0
A50: LastName, FirstName | B50: 146300100109 | C50: 46179 | F50: =+(E50-D50)*24 -> 0
A51: LastName, FirstName | B51: 146300100109 | C51: 46179 | F51: =+(E51-D51)*24 -> 0
A52: LastName, FirstName | B52: 146300100109 | C52: 46179 | F52: =+(E52-D52)*24 -> 0
A53: LastName, FirstName | C53: 46179 | F53: =+(E53-D53)*24 -> 0
A54: LastName, FirstName | C54: 46179 | F54: =+(E54-D54)*24 -> 0
A55: LastName, FirstName | C55: 46179 | F55: =+(E55-D55)*24 -> 0
A56: LastName, FirstName | C56: 46180 | D56: 0.35416667 | E56: 0.6875 | F56: =+(E56-D56)*24 -> 8 | G56: 9O Off | H56: HO (Public) Holiday | J56: Weekend / Wochenende
A57: LastName, FirstName | C57: 46180 | F57: =+(E57-D57)*24 -> 0
A58: LastName, FirstName | C58: 46180 | F58: =+(E58-D58)*24 -> 0
A59: LastName, FirstName | C59: 46180 | F59: =+(E59-D59)*24 -> 0
A60: LastName, FirstName | C60: 46180 | F60: =+(E60-D60)*24 -> 0
A61: LastName, FirstName | C61: 46180 | F61: =+(E61-D61)*24 -> 0
A62: LastName, FirstName | C62: 46180 | F62: =+(E62-D62)*24 -> 0
A63: LastName, FirstName | C63: 46180 | F63: =+(E63-D63)*24 -> 0
A64: LastName, FirstName | C64: 46180 | F64: =+(E64-D64)*24 -> 0
A65: LastName, FirstName | C65: 46181 | F65: =+(E65-D65)*24 -> 0
A66: LastName, FirstName | C66: 46181 | F66: =+(E66-D66)*24 -> 0
A67: LastName, FirstName | C67: 46181 | F67: =+(E67-D67)*24 -> 0
A68: LastName, FirstName | C68: 46181 | F68: =+(E68-D68)*24 -> 0
... A118: LastName, FirstName | C118: 46185 | F118: =+(E118-D118)*24 -> 0
A119: LastName, FirstName | C119: 46186 | D119: 0.35416667 | E119: 0.6875 | F119: =+(E119-D119)*24 -> 8 | G119: 9O Off | H119: HO (Public) Holiday | J119: Weekend / Wochenende
A120: LastName, FirstName | C120: 46186
A121: LastName, FirstName | C121: 46186 | F121: =+(E121-D121)*24 -> 0
A122: LastName, FirstName | C122: 46186 | F122: =+(E122-D122)*24 -> 0
A123: LastName, FirstName | C123: 46186 | F123: =+(E123-D123)*24 -> 0
A124: LastName, FirstName | C124: 46186 | F124: =+(E124-D124)*24 -> 0
A125: LastName, FirstName | C125: 46186 | F125: =+(E125-D125)*24 -> 0
A126: LastName, FirstName | C126: 46186 | F126: =+(E126-D126)*24 -> 0
A127: LastName, FirstName | C127: 46186 | F127: =+(E127-D127)*24 -> 0
A128: LastName, FirstName | C128: 46187 | D128: 0.35416667 | E128: 0.6875 | F128: =+(E128-D128)*24 -> 8 | G128: 9O Off | H128: HO (Public) Holiday | J128: Weekend / Wochenende
A129: LastName, FirstName | C129: 46187 | F129: =+(E129-D129)*24 -> 0
A130: LastName, FirstName | C130: 46187 | F130: =+(E130-D130)*24 -> 0
A131: LastName, FirstName | C131: 46187 | F131: =+(E131-D131)*24 -> 0
A132: LastName, FirstName | C132: 46187 | F132: =+(E132-D132)*24 -> 0
A133: LastName, FirstName | C133: 46187 | F133: =+(E133-D133)*24 -> 0
A134: LastName, FirstName | C134: 46187 | F134: =+(E134-D134)*24 -> 0
A135: LastName, FirstName | C135: 46187 | F135: =+(E135-D135)*24 -> 0
A136: LastName, FirstName | C136: 46187 | F136: =+(E136-D136)*24 -> 0
A137: LastName, FirstName | C137: 46188 | F137: =+(E137-D137)*24 -> 0
A138: LastName, FirstName | C138: 46188 | F138: =+(E138-D138)*24 -> 0
A139: LastName, FirstName | C139: 46188 | F139: =+(E139-D139)*24 -> 0
A140: LastName, FirstName | C140: 46188 | F140: =+(E140-D140)*24 -> 0
... A181: LastName, FirstName | C181: 46192 | F181: =+(E181-D181)*24 -> 0
A182: LastName, FirstName | C182: 46193 | D182: 0.35416667 | E182: 0.6875 | F182: =+(E182-D182)*24 -> 8 | G182: 9O Off | H182: HO (Public) Holiday | J182: Weekend / Wochenende
A183: LastName, FirstName | C183: 46193
A184: LastName, FirstName | C184: 46193 | F184: =+(E184-D184)*24 -> 0
A185: LastName, FirstName | C185: 46193 | F185: =+(E185-D185)*24 -> 0
A186: LastName, FirstName | C186: 46193 | F186: =+(E186-D186)*24 -> 0
A187: LastName, FirstName | C187: 46193 | F187: =+(E187-D187)*24 -> 0
A188: LastName, FirstName | C188: 46193 | F188: =+(E188-D188)*24 -> 0
A189: LastName, FirstName | C189: 46193 | F189: =+(E189-D189)*24 -> 0
A190: LastName, FirstName | C190: 46193 | F190: =+(E190-D190)*24 -> 0
A191: LastName, FirstName | C191: 46194 | D191: 0.35416667 | E191: 0.6875 | F191: =+(E191-D191)*24 -> 8 | G191: 9O Off | H191: HO (Public) Holiday | J191: Weekend / Wochenende
A192: LastName, FirstName | C192: 46194 | F192: =+(E192-D192)*24 -> 0
A193: LastName, FirstName | C193: 46194 | F193: =+(E193-D193)*24 -> 0
A194: LastName, FirstName | C194: 46194 | F194: =+(E194-D194)*24 -> 0
A195: LastName, FirstName | C195: 46194 | F195: =+(E195-D195)*24 -> 0
A196: LastName, FirstName | C196: 46194 | F196: =+(E196-D196)*24 -> 0
A197: LastName, FirstName | C197: 46194 | F197: =+(E197-D197)*24 -> 0
A198: LastName, FirstName | C198: 46194 | F198: =+(E198-D198)*24 -> 0
A199: LastName, FirstName | C199: 46195 | F199: =+(E199-D199)*24 -> 0
...

Sheet 07
A1: Name | B1: PSP-Element | C1: Date TT.MM.JJJJ | D1: from hh:mm | E1: to hh:mm | F1: hours autom. calculated | G1: Project (mandatory) | H1: Topic (mandatory) | I1: Task Group (optional) | J1: Description (optional) | K1: Task ID
A2: LastName, FirstName | B2: 146300100109 | C2: 46204 | F2: =+(E2-D2)*24 -> 0
A3: LastName, FirstName | B3: 146300100109 | C3: 46204 | F3: =+(E3-D3)*24 -> 0
A4: LastName, FirstName | B4: 146300100109 | C4: 46204 | F4: =+(E4-D4)*24 -> 0
A5: LastName, FirstName | B5: 146300100109 | C5: 46204 | F5: =+(E5-D5)*24 -> 0
A6: LastName, FirstName | B6: 146300100109 | C6: 46204 | F6: =+(E6-D6)*24 -> 0
A7: LastName, FirstName | B7: 146300100109 | C7: 46204 | F7: =+(E7-D7)*24 -> 0
A8: LastName, FirstName | B8: 146300100109 | C8: 46204 | F8: =+(E8-D8)*24 -> 0
A9: LastName, FirstName | C9: 46204 | F9: =+(E9-D9)*24 -> 0
A10: LastName, FirstName | B10: 146300100109 | C10: 46204 | F10: =+(E10-D10)*24 -> 0
A11: LastName, FirstName | B11: 146300100109 | C11: 46205 | F11: =+(E11-D11)*24 -> 0
A12: LastName, FirstName | B12: 146300100109 | C12: 46205 | F12: =+(E12-D12)*24 -> 0
A13: LastName, FirstName | B13: 146300100109 | C13: 46205 | F13: =+(E13-D13)*24 -> 0
A14: LastName, FirstName | B14: 146300100109 | C14: 46205 | F14: =+(E14-D14)*24 -> 0
A15: LastName, FirstName | B15: 146300100109 | C15: 46205 | F15: =+(E15-D15)*24 -> 0
A16: LastName, FirstName | B16: 146300100109 | C16: 46205 | F16: =+(E16-D16)*24 -> 0
A17: LastName, FirstName | B17: 146300100109 | C17: 46205 | F17: =+(E17-D17)*24 -> 0
A18: LastName, FirstName | B18: 146300100109 | C18: 46205 | F18: =+(E18-D18)*24 -> 0
A19: LastName, FirstName | B19: 146300100109 | C19: 46205 | F19: =+(E19-D19)*24 -> 0
A20: LastName, FirstName | B20: 146300100109 | C20: 46206 | F20: =+(E20-D20)*24 -> 0
A21: LastName, FirstName | B21: 146300100109 | C21: 46206 | F21: =+(E21-D21)*24 -> 0
... A28: LastName, FirstName | B28: 146300100109 | C28: 46206 | F28: =+(E28-D28)*24 -> 0
A29: LastName, FirstName | B29: 146300100109 | C29: 46207 | D29: 0.35416667 | E29: 0.6875 | F29: =+(E29-D29)*24 -> 8 | G29: 9O Off | H29: HO (Public) Holiday | J29: Weekend / Wochenende
A30: LastName, FirstName | B30: 146300100109 | C30: 46207
A31: LastName, FirstName | B31: 146300100109 | C31: 46207 | F31: =+(E31-D31)*24 -> 0
A32: LastName, FirstName | B32: 146300100109 | C32: 46207 | F32: =+(E32-D32)*24 -> 0
A33: LastName, FirstName | B33: 146300100109 | C33: 46207 | F33: =+(E33-D33)*24 -> 0
A34: LastName, FirstName | B34: 146300100109 | C34: 46207 | F34: =+(E34-D34)*24 -> 0
A35: LastName, FirstName | B35: 146300100109 | C35: 46207 | F35: =+(E35-D35)*24 -> 0
A36: LastName, FirstName | B36: 146300100109 | C36: 46207 | F36: =+(E36-D36)*24 -> 0
A37: LastName, FirstName | B37: 146300100109 | C37: 46207 | F37: =+(E37-D37)*24 -> 0
A38: LastName, FirstName | B38: 146300100109 | C38: 46208 | D38: 0.35416667 | E38: 0.6875 | F38: =+(E38-D38)*24 -> 8 | G38: 9O Off | H38: HO (Public) Holiday | J38: Weekend / Wochenende
A39: LastName, FirstName | B39: 146300100109 | C39: 46208 | F39: =+(E39-D39)*24 -> 0
A40: LastName, FirstName | B40: 146300100109 | C40: 46208 | F40: =+(E40-D40)*24 -> 0
A41: LastName, FirstName | B41: 146300100109 | C41: 46208 | F41: =+(E41-D41)*24 -> 0
A42: LastName, FirstName | B42: 146300100109 | C42: 46208 | F42: =+(E42-D42)*24 -> 0
A43: LastName, FirstName | B43: 146300100109 | C43: 46208 | F43: =+(E43-D43)*24 -> 0
A44: LastName, FirstName | B44: 146300100109 | C44: 46208 | F44: =+(E44-D44)*24 -> 0
A45: LastName, FirstName | B45: 146300100109 | C45: 46208 | F45: =+(E45-D45)*24 -> 0
A46: LastName, FirstName | B46: 146300100109 | C46: 46208 | F46: =+(E46-D46)*24 -> 0
A47: LastName, FirstName | B47: 146300100109 | C47: 46209 | F47: =+(E47-D47)*24 -> 0
A48: LastName, FirstName | B48: 146300100109 | C48: 46209 | F48: =+(E48-D48)*24 -> 0
A49: LastName, FirstName | B49: 146300100109 | C49: 46209 | F49: =+(E49-D49)*24 -> 0
A50: LastName, FirstName | B50: 146300100109 | C50: 46209 | F50: =+(E50-D50)*24 -> 0
... A52: LastName, FirstName | B52: 146300100109 | C52: 46209 | F52: =+(E52-D52)*24 -> 0
A53: LastName, FirstName | C53: 46209 | F53: =+(E53-D53)*24 -> 0
A54: LastName, FirstName | C54: 46209 | F54: =+(E54-D54)*24 -> 0
A55: LastName, FirstName | C55: 46209 | F55: =+(E55-D55)*24 -> 0
A56: LastName, FirstName | C56: 46210 | F56: =+(E56-D56)*24 -> 0
A57: LastName, FirstName | C57: 46210 | F57: =+(E57-D57)*24 -> 0
A58: LastName, FirstName | C58: 46210 | F58: =+(E58-D58)*24 -> 0
A59: LastName, FirstName | C59: 46210 | F59: =+(E59-D59)*24 -> 0
A60: LastName, FirstName | C60: 46210 | F60: =+(E60-D60)*24 -> 0
A61: LastName, FirstName | C61: 46210 | F61: =+(E61-D61)*24 -> 0
A62: LastName, FirstName | C62: 46210 | F62: =+(E62-D62)*24 -> 0
A63: LastName, FirstName | C63: 46210 | F63: =+(E63-D63)*24 -> 0
A64: LastName, FirstName | C64: 46210 | F64: =+(E64-D64)*24 -> 0
... A91: LastName, FirstName | C91: 46213 | F91: =+(E91-D91)*24 -> 0
A92: LastName, FirstName | C92: 46214 | D92: 0.35416667 | E92: 0.6875 | F92: =+(E92-D92)*24 -> 8 | G92: 9O Off | H92: HO (Public) Holiday | J92: Weekend / Wochenende
A93: LastName, FirstName | C93: 46214
A94: LastName, FirstName | C94: 46214 | F94: =+(E94-D94)*24 -> 0
A95: LastName, FirstName | C95: 46214 | F95: =+(E95-D95)*24 -> 0
A96: LastName, FirstName | C96: 46214 | F96: =+(E96-D96)*24 -> 0
A97: LastName, FirstName | C97: 46214 | F97: =+(E97-D97)*24 -> 0
A98: LastName, FirstName | C98: 46214 | F98: =+(E98-D98)*24 -> 0
A99: LastName, FirstName | C99: 46214 | F99: =+(E99-D99)*24 -> 0
A100: LastName, FirstName | C100: 46214 | F100: =+(E100-D100)*24 -> 0
A101: LastName, FirstName | C101: 46215 | D101: 0.35416667 | E101: 0.6875 | F101: =+(E101-D101)*24 -> 8 | G101: 9O Off | H101: HO (Public) Holiday | J101: Weekend / Wochenende
A102: LastName, FirstName | C102: 46215 | F102: =+(E102-D102)*24 -> 0
A103: LastName, FirstName | C103: 46215 | F103: =+(E103-D103)*24 -> 0
A104: LastName, FirstName | C104: 46215 | F104: =+(E104-D104)*24 -> 0
A105: LastName, FirstName | C105: 46215 | F105: =+(E105-D105)*24 -> 0
A106: LastName, FirstName | C106: 46215 | F106: =+(E106-D106)*24 -> 0
A107: LastName, FirstName | C107: 46215 | F107: =+(E107-D107)*24 -> 0
A108: LastName, FirstName | C108: 46215 | F108: =+(E108-D108)*24 -> 0
A109: LastName, FirstName | C109: 46215 | F109: =+(E109-D109)*24 -> 0
A110: LastName, FirstName | C110: 46216 | F110: =+(E110-D110)*24 -> 0
A111: LastName, FirstName | C111: 46216 | F111: =+(E111-D111)*24 -> 0
A112: LastName, FirstName | C112: 46216 | F112: =+(E112-D112)*24 -> 0
A113: LastName, FirstName | C113: 46216 | F113: =+(E113-D113)*24 -> 0
... A154: LastName, FirstName | C154: 46220 | F154: =+(E154-D154)*24 -> 0
A155: LastName, FirstName | C155: 46221 | D155: 0.35416667 | E155: 0.6875 | F155: =+(E155-D155)*24 -> 8 | G155: 9O Off | H155: HO (Public) Holiday | J155: Weekend / Wochenende
A156: LastName, FirstName | C156: 46221
A157: LastName, FirstName | C157: 46221 | F157: =+(E157-D157)*24 -> 0
A158: LastName, FirstName | C158: 46221 | F158: =+(E158-D158)*24 -> 0
A159: LastName, FirstName | C159: 46221 | F159: =+(E159-D159)*24 -> 0
A160: LastName, FirstName | C160: 46221 | F160: =+(E160-D160)*24 -> 0
A161: LastName, FirstName | C161: 46221 | F161: =+(E161-D161)*24 -> 0
A162: LastName, FirstName | C162: 46221 | F162: =+(E162-D162)*24 -> 0
A163: LastName, FirstName | C163: 46221 | F163: =+(E163-D163)*24 -> 0
A164: LastName, FirstName | C164: 46222 | D164: 0.35416667 | E164: 0.6875 | F164: =+(E164-D164)*24 -> 8 | G164: 9O Off | H164: HO (Public) Holiday | J164: Weekend / Wochenende
A165: LastName, FirstName | C165: 46222 | F165: =+(E165-D165)*24 -> 0
A166: LastName, FirstName | C166: 46222 | F166: =+(E166-D166)*24 -> 0
A167: LastName, FirstName | C167: 46222 | F167: =+(E167-D167)*24 -> 0
A168: LastName, FirstName | C168: 46222 | F168: =+(E168-D168)*24 -> 0
A169: LastName, FirstName | C169: 46222 | F169: =+(E169-D169)*24 -> 0
A170: LastName, FirstName | C170: 46222 | F170: =+(E170-D170)*24 -> 0
A171: LastName, FirstName | C171: 46222 | F171: =+(E171-D171)*24 -> 0
A172: LastName, FirstName | C172: 46222 | F172: =+(E172-D172)*24 -> 0
A173: LastName, FirstName | C173: 46223 | F173: =+(E173-D173)*24 -> 0
...

Sheet 08
A1: Name | B1: PSP-Element | C1: Date TT.MM.JJJJ | D1: from hh:mm | E1: to hh:mm | F1: hours autom. calculated | G1: Project (mandatory) | H1: Topic (mandatory) | I1: Task Group (optional) | J1: Description (optional) | K1: Task ID
A2: LastName, FirstName | B2: 146300100109 | C2: 46235 | D2: 0.35416667 | E2: 0.6875 | F2: =+(E2-D2)*24 -> 8 | G2: 9O Off | H2: HO (Public) Holiday | J2: Weekend / Wochenende
A3: LastName, FirstName | B3: 146300100109 | C3: 46235
A4: LastName, FirstName | B4: 146300100109 | C4: 46235 | F4: =+(E4-D4)*24 -> 0
A5: LastName, FirstName | B5: 146300100109 | C5: 46235 | F5: =+(E5-D5)*24 -> 0
A6: LastName, FirstName | B6: 146300100109 | C6: 46235 | F6: =+(E6-D6)*24 -> 0
A7: LastName, FirstName | B7: 146300100109 | C7: 46235 | F7: =+(E7-D7)*24 -> 0
A8: LastName, FirstName | B8: 146300100109 | C8: 46235 | F8: =+(E8-D8)*24 -> 0
A9: LastName, FirstName | C9: 46235 | F9: =+(E9-D9)*24 -> 0
A10: LastName, FirstName | B10: 146300100109 | C10: 46235 | F10: =+(E10-D10)*24 -> 0
A11: LastName, FirstName | B11: 146300100109 | C11: 46236 | D11: 0.35416667 | E11: 0.6875 | F11: =+(E11-D11)*24 -> 8 | G11: 9O Off | H11: HO (Public) Holiday | J11: Weekend / Wochenende
A12: LastName, FirstName | B12: 146300100109 | C12: 46236 | F12: =+(E12-D12)*24 -> 0
A13: LastName, FirstName | B13: 146300100109 | C13: 46236 | F13: =+(E13-D13)*24 -> 0
A14: LastName, FirstName | B14: 146300100109 | C14: 46236 | F14: =+(E14-D14)*24 -> 0
A15: LastName, FirstName | B15: 146300100109 | C15: 46236 | F15: =+(E15-D15)*24 -> 0
A16: LastName, FirstName | B16: 146300100109 | C16: 46236 | F16: =+(E16-D16)*24 -> 0
A17: LastName, FirstName | B17: 146300100109 | C17: 46236 | F17: =+(E17-D17)*24 -> 0
A18: LastName, FirstName | B18: 146300100109 | C18: 46236 | F18: =+(E18-D18)*24 -> 0
A19: LastName, FirstName | B19: 146300100109 | C19: 46236 | F19: =+(E19-D19)*24 -> 0
A20: LastName, FirstName | B20: 146300100109 | C20: 46237 | F20: =+(E20-D20)*24 -> 0
A21: LastName, FirstName | B21: 146300100109 | C21: 46237 | F21: =+(E21-D21)*24 -> 0
A22: LastName, FirstName | B22: 146300100109 | C22: 46237 | F22: =+(E22-D22)*24 -> 0
A23: LastName, FirstName | B23: 146300100109 | C23: 46237 | F23: =+(E23-D23)*24 -> 0
... A52: LastName, FirstName | B52: 146300100109 | C52: 46240 | F52: =+(E52-D52)*24 -> 0
A53: LastName, FirstName | C53: 46240 | F53: =+(E53-D53)*24 -> 0
A54: LastName, FirstName | C54: 46240 | F54: =+(E54-D54)*24 -> 0
A55: LastName, FirstName | C55: 46240 | F55: =+(E55-D55)*24 -> 0
A56: LastName, FirstName | C56: 46241 | F56: =+(E56-D56)*24 -> 0
A57: LastName, FirstName | C57: 46241 | F57: =+(E57-D57)*24 -> 0
A58: LastName, FirstName | C58: 46241 | F58: =+(E58-D58)*24 -> 0
A59: LastName, FirstName | C59: 46241 | F59: =+(E59-D59)*24 -> 0
A60: LastName, FirstName | C60: 46241 | F60: =+(E60-D60)*24 -> 0
A61: LastName, FirstName | C61: 46241 | F61: =+(E61-D61)*24 -> 0
A62: LastName, FirstName | C62: 46241 | F62: =+(E62-D62)*24 -> 0
A63: LastName, FirstName | C63: 46241 | F63: =+(E63-D63)*24 -> 0
A64: LastName, FirstName | C64: 46241 | F64: =+(E64-D64)*24 -> 0
A65: LastName, FirstName | C65: 46242 | D65: 0.35416667 | E65: 0.6875 | F65: =+(E65-D65)*24 -> 8 | G65: 9O Off | H65: HO (Public) Holiday | J65: Weekend / Wochenende
A66: LastName, FirstName | C66: 46242
A67: LastName, FirstName | C67: 46242 | F67: =+(E67-D67)*24 -> 0
A68: LastName, FirstName | C68: 46242 | F68: =+(E68-D68)*24 -> 0
A69: LastName, FirstName | C69: 46242 | F69: =+(E69-D69)*24 -> 0
A70: LastName, FirstName | C70: 46242 | F70: =+(E70-D70)*24 -> 0
A71: LastName, FirstName | C71: 46242 | F71: =+(E71-D71)*24 -> 0
A72: LastName, FirstName | C72: 46242 | F72: =+(E72-D72)*24 -> 0
A73: LastName, FirstName | C73: 46242 | F73: =+(E73-D73)*24 -> 0
A74: LastName, FirstName | C74: 46243 | D74: 0.35416667 | E74: 0.6875 | F74: =+(E74-D74)*24 -> 8 | G74: 9O Off | H74: HO (Public) Holiday | J74: Weekend / Wochenende
A75: LastName, FirstName | C75: 46243 | F75: =+(E75-D75)*24 -> 0
A76: LastName, FirstName | C76: 46243 | F76: =+(E76-D76)*24 -> 0
A77: LastName, FirstName | C77: 46243 | F77: =+(E77-D77)*24 -> 0
A78: LastName, FirstName | C78: 46243 | F78: =+(E78-D78)*24 -> 0
A79: LastName, FirstName | C79: 46243 | F79: =+(E79-D79)*24 -> 0
A80: LastName, FirstName | C80: 46243 | F80: =+(E80-D80)*24 -> 0
A81: LastName, FirstName | C81: 46243 | F81: =+(E81-D81)*24 -> 0
A82: LastName, FirstName | C82: 46243 | F82: =+(E82-D82)*24 -> 0
A83: LastName, FirstName | C83: 46244 | F83: =+(E83-D83)*24 -> 0
A84: LastName, FirstName | C84: 46244 | F84: =+(E84-D84)*24 -> 0
A85: LastName, FirstName | C85: 46244 | F85: =+(E85-D85)*24 -> 0
A86: LastName, FirstName | C86: 46244 | F86: =+(E86-D86)*24 -> 0
... A127: LastName, FirstName | C127: 46248 | F127: =+(E127-D127)*24 -> 0
A128: LastName, FirstName | C128: 46249 | D128: 0.35416667 | E128: 0.6875 | F128: =+(E128-D128)*24 -> 8 | G128: 9O Off | H128: HO (Public) Holiday | J128: Weekend / Wochenende
A129: LastName, FirstName | C129: 46249
A130: LastName, FirstName | C130: 46249 | F130: =+(E130-D130)*24 -> 0
A131: LastName, FirstName | C131: 46249 | F131: =+(E131-D131)*24 -> 0
A132: LastName, FirstName | C132: 46249 | F132: =+(E132-D132)*24 -> 0
A133: LastName, FirstName | C133: 46249 | F133: =+(E133-D133)*24 -> 0
A134: LastName, FirstName | C134: 46249 | F134: =+(E134-D134)*24 -> 0
A135: LastName, FirstName | C135: 46249 | F135: =+(E135-D135)*24 -> 0
A136: LastName, FirstName | C136: 46249 | F136: =+(E136-D136)*24 -> 0
A137: LastName, FirstName | C137: 46250 | D137: 0.35416667 | E137: 0.6875 | F137: =+(E137-D137)*24 -> 8 | G137: 9O Off | H137: HO (Public) Holiday | J137: Weekend / Wochenende
A138: LastName, FirstName | C138: 46250 | F138: =+(E138-D138)*24 -> 0
A139: LastName, FirstName | C139: 46250 | F139: =+(E139-D139)*24 -> 0
A140: LastName, FirstName | C140: 46250 | F140: =+(E140-D140)*24 -> 0
A141: LastName, FirstName | C141: 46250 | F141: =+(E141-D141)*24 -> 0
A142: LastName, FirstName | C142: 46250 | F142: =+(E142-D142)*24 -> 0
A143: LastName, FirstName | C143: 46250 | F143: =+(E143-D143)*24 -> 0
A144: LastName, FirstName | C144: 46250 | F144: =+(E144-D144)*24 -> 0
A145: LastName, FirstName | C145: 46250 | F145: =+(E145-D145)*24 -> 0
A146: LastName, FirstName | C146: 46251 | F146: =+(E146-D146)*24 -> 0
A147: LastName, FirstName | C147: 46251 | F147: =+(E147-D147)*24 -> 0
A148: LastName, FirstName | C148: 46251 | F148: =+(E148-D148)*24 -> 0
A149: LastName, FirstName | C149: 46251 | F149: =+(E149-D149)*24 -> 0
... A191: LastName, FirstName | C191: 46256 | F191: =+(E191-D191)*24 -> 0
A192: LastName, FirstName | C192: 46256 | D192: 0.35416667 | E192: 0.6875 | F192: =+(E192-D192)*24 -> 8 | G192: 9O Off | H192: HO (Public) Holiday | J192: Weekend / Wochenende
A193: LastName, FirstName | C193: 46256
A194: LastName, FirstName | C194: 46256 | F194: =+(E194-D194)*24 -> 0
A195: LastName, FirstName | C195: 46256 | F195: =+(E195-D195)*24 -> 0
A196: LastName, FirstName | C196: 46256 | F196: =+(E196-D196)*24 -> 0
A197: LastName, FirstName | C197: 46256 | F197: =+(E197-D197)*24 -> 0
A198: LastName, FirstName | C198: 46256 | F198: =+(E198-D198)*24 -> 0
A199: LastName, FirstName | C199: 46257 | F199: =+(E199-D199)*24 -> 0
A200: LastName, FirstName | C200: 46257 | F200: =+(E200-D200)*24 -> 0
A201: LastName, FirstName | C201: 46257 | D201: 0.35416667 | E201: 0.6875 | F201: =+(E201-D201)*24 -> 8 | G201: 9O Off | H201: HO (Public) Holiday | J201: Weekend / Wochenende
A202: LastName, FirstName | C202: 46257 | F202: =+(E202-D202)*24 -> 0
A203: LastName, FirstName | C203: 46257 | F203: =+(E203-D203)*24 -> 0
A204: LastName, FirstName | C204: 46257 | F204: =+(E204-D204)*24 -> 0
A205: LastName, FirstName | C205: 46257 | F205: =+(E205-D205)*24 -> 0
A206: LastName, FirstName | C206: 46257 | F206: =+(E206-D206)*24 -> 0
A207: LastName, FirstName | C207: 46257 | F207: =+(E207-D207)*24 -> 0
A208: LastName, FirstName | C208: 46258 | F208: =+(E208-D208)*24 -> 0
A209: LastName, FirstName | C209: 46258 | F209: =+(E209-D209)*24 -> 0
...

Sheet 09
A1: Name | B1: PSP-Element | C1: Date TT.MM.JJJJ | D1: from hh:mm | E1: to hh:mm | F1: hours autom. calculated | G1: Project (mandatory) | H1: Topic (mandatory) | I1: Task Group (optional) | J1: Description (optional) | K1: Task ID
A2: LastName, FirstName | B2: 146300100109 | C2: 46266 | F2: =+(E2-D2)*24 -> 0
A3: LastName, FirstName | B3: 146300100109 | C3: 46266 | F3: =+(E3-D3)*24 -> 0
A4: LastName, FirstName | B4: 146300100109 | C4: 46266 | F4: =+(E4-D4)*24 -> 0
A5: LastName, FirstName | B5: 146300100109 | C5: 46266 | F5: =+(E5-D5)*24 -> 0
A6: LastName, FirstName | B6: 146300100109 | C6: 46266 | F6: =+(E6-D6)*24 -> 0
A7: LastName, FirstName | B7: 146300100109 | C7: 46266 | F7: =+(E7-D7)*24 -> 0
A8: LastName, FirstName | B8: 146300100109 | C8: 46266 | F8: =+(E8-D8)*24 -> 0
A9: LastName, FirstName | C9: 46266 | F9: =+(E9-D9)*24 -> 0
A10: LastName, FirstName | B10: 146300100109 | C10: 46266 | F10: =+(E10-D10)*24 -> 0
A11: LastName, FirstName | B11: 146300100109 | C11: 46267 | F11: =+(E11-D11)*24 -> 0
A12: LastName, FirstName | B12: 146300100109 | C12: 46267 | F12: =+(E12-D12)*24 -> 0
A13: LastName, FirstName | B13: 146300100109 | C13: 46267 | F13: =+(E13-D13)*24 -> 0
A14: LastName, FirstName | B14: 146300100109 | C14: 46267 | F14: =+(E14-D14)*24 -> 0
A15: LastName, FirstName | B15: 146300100109 | C15: 46267 | F15: =+(E15-D15)*24 -> 0
A16: LastName, FirstName | B16: 146300100109 | C16: 46267 | F16: =+(E16-D16)*24 -> 0
A17: LastName, FirstName | B17: 146300100109 | C17: 46267 | F17: =+(E17-D17)*24 -> 0
A18: LastName, FirstName | B18: 146300100109 | C18: 46267 | F18: =+(E18-D18)*24 -> 0
A19: LastName, FirstName | B19: 146300100109 | C19: 46267 | F19: =+(E19-D19)*24 -> 0
A20: LastName, FirstName | B20: 146300100109 | C20: 46268 | F20: =+(E20-D20)*24 -> 0
A21: LastName, FirstName | B21: 146300100109 | C21: 46268 | F21: =+(E21-D21)*24 -> 0
... A37: LastName, FirstName | B37: 146300100109 | C37: 46269 | F37: =+(E37-D37)*24 -> 0
A38: LastName, FirstName | B38: 146300100109 | C38: 46270 | D38: 0.35416667 | E38: 0.6875 | F38: =+(E38-D38)*24 -> 8 | G38: 9O Off | H38: HO (Public) Holiday | J38: Weekend / Wochenende
A39: LastName, FirstName | B39: 146300100109 | C39: 46270
A40: LastName, FirstName | B40: 146300100109 | C40: 46270 | F40: =+(E40-D40)*24 -> 0
A41: LastName, FirstName | B41: 146300100109 | C41: 46270 | F41: =+(E41-D41)*24 -> 0
A42: LastName, FirstName | B42: 146300100109 | C42: 46270 | F42: =+(E42-D42)*24 -> 0
A43: LastName, FirstName | B43: 146300100109 | C43: 46270 | F43: =+(E43-D43)*24 -> 0
A44: LastName, FirstName | B44: 146300100109 | C44: 46270 | F44: =+(E44-D44)*24 -> 0
A45: LastName, FirstName | B45: 146300100109 | C45: 46270 | F45: =+(E45-D45)*24 -> 0
A46: LastName, FirstName | B46: 146300100109 | C46: 46270 | F46: =+(E46-D46)*24 -> 0
A47: LastName, FirstName | B47: 146300100109 | C47: 46271 | D47: 0.35416667 | E47: 0.6875 | F47: =+(E47-D47)*24 -> 8 | G47: 9O Off | H47: HO (Public) Holiday | J47: Weekend / Wochenende
A48: LastName, FirstName | B48: 146300100109 | C48: 46271 | F48: =+(E48-D48)*24 -> 0
A49: LastName, FirstName | B49: 146300100109 | C49: 46271 | F49: =+(E49-D49)*24 -> 0
A50: LastName, FirstName | B50: 146300100109 | C50: 46271 | F50: =+(E50-D50)*24 -> 0
A51: LastName, FirstName | B51: 146300100109 | C51: 46271 | F51: =+(E51-D51)*24 -> 0
A52: LastName, FirstName | B52: 146300100109 | C52: 46271 | F52: =+(E52-D52)*24 -> 0
A53: LastName, FirstName | C53: 46271 | F53: =+(E53-D53)*24 -> 0
A54: LastName, FirstName | C54: 46271 | F54: =+(E54-D54)*24 -> 0
A55: LastName, FirstName | C55: 46271 | F55: =+(E55-D55)*24 -> 0
A56: LastName, FirstName | C56: 46272 | F56: =+(E56-D56)*24 -> 0
A57: LastName, FirstName | C57: 46272 | F57: =+(E57-D57)*24 -> 0
A58: LastName, FirstName | C58: 46272 | F58: =+(E58-D58)*24 -> 0
A59: LastName, FirstName | C59: 46272 | F59: =+(E59-D59)*24 -> 0
A60: LastName, FirstName | C60: 46272 | F60: =+(E60-D60)*24 -> 0
A61: LastName, FirstName | C61: 46272 | F61: =+(E61-D61)*24 -> 0
A62: LastName, FirstName | C62: 46272 | F62: =+(E62-D62)*24 -> 0
A63: LastName, FirstName | C63: 46272 | F63: =+(E63-D63)*24 -> 0
A64: LastName, FirstName | C64: 46272 | F64: =+(E64-D64)*24 -> 0
... A100: LastName, FirstName | C100: 46276 | F100: =+(E100-D100)*24 -> 0
A101: LastName, FirstName | C101: 46277 | D101: 0.35416667 | E101: 0.6875 | F101: =+(E101-D101)*24 -> 8 | G101: 9O Off | H101: HO (Public) Holiday | J101: Weekend / Wochenende
A102: LastName, FirstName | C102: 46277
A103: LastName, FirstName | C103: 46277 | F103: =+(E103-D103)*24 -> 0
A104: LastName, FirstName | C104: 46277 | F104: =+(E104-D104)*24 -> 0
A105: LastName, FirstName | C105: 46277 | F105: =+(E105-D105)*24 -> 0
A106: LastName, FirstName | C106: 46277 | F106: =+(E106-D106)*24 -> 0
A107: LastName, FirstName | C107: 46277 | F107: =+(E107-D107)*24 -> 0
A108: LastName, FirstName | C108: 46277 | F108: =+(E108-D108)*24 -> 0
A109: LastName, FirstName | C109: 46277 | F109: =+(E109-D109)*24 -> 0
A110: LastName, FirstName | C110: 46278 | D110: 0.35416667 | E110: 0.6875 | F110: =+(E110-D110)*24 -> 8 | G110: 9O Off | H110: HO (Public) Holiday | J110: Weekend / Wochenende
A111: LastName, FirstName | C111: 46278 | F111: =+(E111-D111)*24 -> 0
A112: LastName, FirstName | C112: 46278 | F112: =+(E112-D112)*24 -> 0
A113: LastName, FirstName | C113: 46278 | F113: =+(E113-D113)*24 -> 0
A114: LastName, FirstName | C114: 46278 | F114: =+(E114-D114)*24 -> 0
A115: LastName, FirstName | C115: 46278 | F115: =+(E115-D115)*24 -> 0
A116: LastName, FirstName | C116: 46278 | F116: =+(E116-D116)*24 -> 0
A117: LastName, FirstName | C117: 46278 | F117: =+(E117-D117)*24 -> 0
A118: LastName, FirstName | C118: 46278 | F118: =+(E118-D118)*24 -> 0
A119: LastName, FirstName | C119: 46279 | F119: =+(E119-D119)*24 -> 0
A120: LastName, FirstName | C120: 46279 | F120: =+(E120-D120)*24 -> 0
A121: LastName, FirstName | C121: 46279 | F121: =+(E121-D121)*24 -> 0
A122: LastName, FirstName | C122: 46279 | F122: =+(E122-D122)*24 -> 0
... A163: LastName, FirstName | C163: 46283 | F163: =+(E163-D163)*24 -> 0
A164: LastName, FirstName | C164: 46284 | D164: 0.35416667 | E164: 0.6875 | F164: =+(E164-D164)*24 -> 8 | G164: 9O Off | H164: HO (Public) Holiday | J164: Weekend / Wochenende
A165: LastName, FirstName | C165: 46284
A166: LastName, FirstName | C166: 46284 | F166: =+(E166-D166)*24 -> 0
A167: LastName, FirstName | C167: 46284 | F167: =+(E167-D167)*24 -> 0
A168: LastName, FirstName | C168: 46284 | F168: =+(E168-D168)*24 -> 0
A169: LastName, FirstName | C169: 46284 | F169: =+(E169-D169)*24 -> 0
A170: LastName, FirstName | C170: 46284 | F170: =+(E170-D170)*24 -> 0
A171: LastName, FirstName | C171: 46284 | F171: =+(E171-D171)*24 -> 0
A172: LastName, FirstName | C172: 46284 | F172: =+(E172-D172)*24 -> 0
A173: LastName, FirstName | C173: 46285 | D173: 0.35416667 | E173: 0.6875 | F173: =+(E173-D173)*24 -> 8 | G173: 9O Off | H173: HO (Public) Holiday | J173: Weekend / Wochenende
A174: LastName, FirstName | C174: 46285 | F174: =+(E174-D174)*24 -> 0
A175: LastName, FirstName | C175: 46285 | F175: =+(E175-D175)*24 -> 0
A176: LastName, FirstName | C176: 46285 | F176: =+(E176-D176)*24 -> 0
A177: LastName, FirstName | C177: 46285 | F177: =+(E177-D177)*24 -> 0
A178: LastName, FirstName | C178: 46285 | F178: =+(E178-D178)*24 -> 0
A179: LastName, FirstName | C179: 46285 | F179: =+(E179-D179)*24 -> 0
A180: LastName, FirstName | C180: 46285 | F180: =+(E180-D180)*24 -> 0
A181: LastName, FirstName | C181: 46285 | F181: =+(E181-D181)*24 -> 0
A182: LastName, FirstName | C182: 46286 | F182: =+(E182-D182)*24 -> 0
A183: LastName, FirstName | C183: 46286 | F183: =+(E183-D183)*24 -> 0
A184: LastName, FirstName | C184: 46286 | F184: =+(E184-D184)*24 -> 0
A185: LastName, FirstName | C185: 46286 | F185: =+(E185-D185)*24 -> 0
... A225: LastName, FirstName | C225: 46290 | F225: =+(E225-D225)*24 -> 0
A226: LastName, FirstName | C226: 46291 | D226: 0.35416667 | E226: 0.6875 | F226: =+(E226-D226)*24 -> 8 | G226: 9O Off | H226: HO (Public) Holiday | J226: Weekend / Wochenende
A227: LastName, FirstName | C227: 46291
A228: LastName, FirstName | C228: 46291 | F228: =+(E228-D228)*24 -> 0
A229: LastName, FirstName | C229: 46291 | F229: =+(E229-D229)*24 -> 0
...

Sheet 10
A1: Name | B1: PSP-Element | C1: Date TT.MM.JJJJ | D1: from hh:mm | E1: to hh:mm | F1: hours autom. calculated | G1: Project (mandatory) | H1: Topic (mandatory) | I1: Task Group (optional) | J1: Description (optional) | K1: Task ID
A2: LastName, FirstName | B2: 146300100109 | C2: 46296 | F2: =+(E2-D2)*24 -> 0
A3: LastName, FirstName | B3: 146300100109 | C3: 46296 | F3: =+(E3-D3)*24 -> 0
A4: LastName, FirstName | B4: 146300100109 | C4: 46296 | F4: =+(E4-D4)*24 -> 0
A5: LastName, FirstName | B5: 146300100109 | C5: 46296 | F5: =+(E5-D5)*24 -> 0
A6: LastName, FirstName | B6: 146300100109 | C6: 46296 | F6: =+(E6-D6)*24 -> 0
A7: LastName, FirstName | B7: 146300100109 | C7: 46296 | F7: =+(E7-D7)*24 -> 0
A8: LastName, FirstName | B8: 146300100109 | C8: 46296 | F8: =+(E8-D8)*24 -> 0
A9: LastName, FirstName | C9: 46296 | F9: =+(E9-D9)*24 -> 0
A10: LastName, FirstName | B10: 146300100109 | C10: 46296 | F10: =+(E10-D10)*24 -> 0
A11: LastName, FirstName | B11: 146300100109 | C11: 46297 | F11: =+(E11-D11)*24 -> 0
A12: LastName, FirstName | B12: 146300100109 | C12: 46297 | F12: =+(E12-D12)*24 -> 0
A13: LastName, FirstName | B13: 146300100109 | C13: 46297 | F13: =+(E13-D13)*24 -> 0
A14: LastName, FirstName | B14: 146300100109 | C14: 46297 | F14: =+(E14-D14)*24 -> 0
A15: LastName, FirstName | B15: 146300100109 | C15: 46297 | F15: =+(E15-D15)*24 -> 0
A16: LastName, FirstName | B16: 146300100109 | C16: 46297 | F16: =+(E16-D16)*24 -> 0
A17: LastName, FirstName | B17: 146300100109 | C17: 46297 | F17: =+(E17-D17)*24 -> 0
A18: LastName, FirstName | B18: 146300100109 | C18: 46297 | F18: =+(E18-D18)*24 -> 0
A19: LastName, FirstName | B19: 146300100109 | C19: 46297 | F19: =+(E19-D19)*24 -> 0
A20: LastName, FirstName | B20: 146300100109 | C20: 46298 | D20: 0.35416667 | E20: 0.6875 | F20: =+(E20-D20)*24 -> 8 | G20: 9O Off | H20: HO (Public) Holiday | J20: German Unity Day / Tag der Deutschen Einheit
A21: LastName, FirstName | B21: 146300100109 | C21: 46298 | F21: =+(E21-D21)*24 -> 0
A22: LastName, FirstName | B22: 146300100109 | C22: 46298 | F22: =+(E22-D22)*24 -> 0
A23: LastName, FirstName | B23: 146300100109 | C23: 46298 | F23: =+(E23-D23)*24 -> 0
A24: LastName, FirstName | B24: 146300100109 | C24: 46298 | F24: =+(E24-D24)*24 -> 0
A25: LastName, FirstName | B25: 146300100109 | C25: 46298 | F25: =+(E25-D25)*24 -> 0
A26: LastName, FirstName | B26: 146300100109 | C26: 46298 | F26: =+(E26-D26)*24 -> 0
A27: LastName, FirstName | B27: 146300100109 | C27: 46298 | F27: =+(E27-D27)*24 -> 0
A28: LastName, FirstName | B28: 146300100109 | C28: 46298 | F28: =+(E28-D28)*24 -> 0
A29: LastName, FirstName | B29: 146300100109 | C29: 46299 | D29: 0.35416667 | E29: 0.6875 | F29: =+(E29-D29)*24 -> 8 | G29: 9O Off | H29: HO (Public) Holiday | J29: Weekend / Wochenende
A30: LastName, FirstName | B30: 146300100109 | C30: 46299
A31: LastName, FirstName | B31: 146300100109 | C31: 46299 | F31: =+(E31-D31)*24 -> 0
A32: LastName, FirstName | B32: 146300100109 | C32: 46299 | F32: =+(E32-D32)*24 -> 0
A33: LastName, FirstName | B33: 146300100109 | C33: 46299 | F33: =+(E33-D33)*24 -> 0
A34: LastName, FirstName | B34: 146300100109 | C34: 46299 | F34: =+(E34-D34)*24 -> 0
A35: LastName, FirstName | B35: 146300100109 | C35: 46299 | F35: =+(E35-D35)*24 -> 0
A36: LastName, FirstName | B36: 146300100109 | C36: 46299 | F36: =+(E36-D36)*24 -> 0
A37: LastName, FirstName | B37: 146300100109 | C37: 46299 | F37: =+(E37-D37)*24 -> 0
A38: LastName, FirstName | B38: 146300100109 | C38: 46300
A39: LastName, FirstName | B39: 146300100109 | C39: 46300 | F39: =+(E39-D39)*24 -> 0
A40: LastName, FirstName | B40: 146300100109 | C40: 46300 | F40: =+(E40-D40)*24 -> 0
A41: LastName, FirstName | B41: 146300100109 | C41: 46300 | F41: =+(E41-D41)*24 -> 0
A42: LastName, FirstName | B42: 146300100109 | C42: 46300 | F42: =+(E42-D42)*24 -> 0
A43: LastName, FirstName | B43: 146300100109 | C43: 46300 | F43: =+(E43-D43)*24 -> 0
A44: LastName, FirstName | B44: 146300100109 | C44: 46300 | F44: =+(E44-D44)*24 -> 0
A45: LastName, FirstName | B45: 146300100109 | C45: 46300 | F45: =+(E45-D45)*24 -> 0
A46: LastName, FirstName | B46: 146300100109 | C46: 46300 | F46: =+(E46-D46)*24 -> 0
A47: LastName, FirstName | B47: 146300100109 | C47: 46301 | F47: =+(E47-D47)*24 -> 0
A48: LastName, FirstName | B48: 146300100109 | C48: 46301 | F48: =+(E48-D48)*24 -> 0
A49: LastName, FirstName | B49: 146300100109 | C49: 46301 | F49: =+(E49-D49)*24 -> 0
A50: LastName, FirstName | B50: 146300100109 | C50: 46301 | F50: =+(E50-D50)*24 -> 0
... A52: LastName, FirstName | B52: 146300100109 | C52: 46301 | F52: =+(E52-D52)*24 -> 0
A53: LastName, FirstName | C53: 46301 | F53: =+(E53-D53)*24 -> 0
A54: LastName, FirstName | C54: 46301 | F54: =+(E54-D54)*24 -> 0
A55: LastName, FirstName | C55: 46301 | F55: =+(E55-D55)*24 -> 0
A56: LastName, FirstName | C56: 46302 | F56: =+(E56-D56)*24 -> 0
A57: LastName, FirstName | C57: 46302 | F57: =+(E57-D57)*24 -> 0
A58: LastName, FirstName | C58: 46302 | F58: =+(E58-D58)*24 -> 0
A59: LastName, FirstName | C59: 46302 | F59: =+(E59-D59)*24 -> 0
A60: LastName, FirstName | C60: 46302 | F60: =+(E60-D60)*24 -> 0
A61: LastName, FirstName | C61: 46302 | F61: =+(E61-D61)*24 -> 0
A62: LastName, FirstName | C62: 46302 | F62: =+(E62-D62)*24 -> 0
A63: LastName, FirstName | C63: 46302 | F63: =+(E63-D63)*24 -> 0
A64: LastName, FirstName | C64: 46302 | F64: =+(E64-D64)*24 -> 0
... A82: LastName, FirstName | C82: 46304 | F82: =+(E82-D82)*24 -> 0
A83: LastName, FirstName | C83: 46305 | D83: 0.35416667 | E83: 0.6875 | F83: =+(E83-D83)*24 -> 8 | G83: 9O Off | H83: HO (Public) Holiday | J83: Weekend / Wochenende
A84: LastName, FirstName | C84: 46305
A85: LastName, FirstName | C85: 46305 | F85: =+(E85-D85)*24 -> 0
A86: LastName, FirstName | C86: 46305 | F86: =+(E86-D86)*24 -> 0
A87: LastName, FirstName | C87: 46305 | F87: =+(E87-D87)*24 -> 0
A88: LastName, FirstName | C88: 46305 | F88: =+(E88-D88)*24 -> 0
A89: LastName, FirstName | C89: 46305 | F89: =+(E89-D89)*24 -> 0
A90: LastName, FirstName | C90: 46305 | F90: =+(E90-D90)*24 -> 0
A91: LastName, FirstName | C91: 46305 | F91: =+(E91-D91)*24 -> 0
A92: LastName, FirstName | C92: 46306 | D92: 0.35416667 | E92: 0.6875 | F92: =+(E92-D92)*24 -> 8 | G92: 9O Off | H92: HO (Public) Holiday | J92: Weekend / Wochenende
A93: LastName, FirstName | C93: 46306 | F93: =+(E93-D93)*24 -> 0
A94: LastName, FirstName | C94: 46306 | F94: =+(E94-D94)*24 -> 0
A95: LastName, FirstName | C95: 46306 | F95: =+(E95-D95)*24 -> 0
A96: LastName, FirstName | C96: 46306 | F96: =+(E96-D96)*24 -> 0
A97: LastName, FirstName | C97: 46306 | F97: =+(E97-D97)*24 -> 0
A98: LastName, FirstName | C98: 46306 | F98: =+(E98-D98)*24 -> 0
A99: LastName, FirstName | C99: 46306 | F99: =+(E99-D99)*24 -> 0
A100: LastName, FirstName | C100: 46306 | F100: =+(E100-D100)*24 -> 0
A101: LastName, FirstName | C101: 46307 | F101: =+(E101-D101)*24 -> 0
A102: LastName, FirstName | C102: 46307 | F102: =+(E102-D102)*24 -> 0
A103: LastName, FirstName | C103: 46307 | F103: =+(E103-D103)*24 -> 0
A104: LastName, FirstName | C104: 46307 | F104: =+(E104-D104)*24 -> 0
... A145: LastName, FirstName | C145: 46311 | F145: =+(E145-D145)*24 -> 0
A146: LastName, FirstName | C146: 46312 | D146: 0.35416667 | E146: 0.6875 | F146: =+(E146-D146)*24 -> 8 | G146: 9O Off | H146: HO (Public) Holiday | J146: Weekend / Wochenende
A147: LastName, FirstName | C147: 46312
A148: LastName, FirstName | C148: 46312 | F148: =+(E148-D148)*24 -> 0
A149: LastName, FirstName | C149: 46312 | F149: =+(E149-D149)*24 -> 0
A150: LastName, FirstName | C150: 46312 | F150: =+(E150-D150)*24 -> 0
A151: LastName, FirstName | C151: 46312 | F151: =+(E151-D151)*24 -> 0
A152: LastName, FirstName | C152: 46312 | F152: =+(E152-D152)*24 -> 0
A153: LastName, FirstName | C153: 46312 | F153: =+(E153-D153)*24 -> 0
A154: LastName, FirstName | C154: 46312 | F154: =+(E154-D154)*24 -> 0
A155: LastName, FirstName | C155: 46313 | D155: 0.35416667 | E155: 0.6875 | F155: =+(E155-D155)*24 -> 8 | G155: 9O Off | H155: HO (Public) Holiday | J155: Weekend / Wochenende
A156: LastName, FirstName | C156: 46313 | F156: =+(E156-D156)*24 -> 0
A157: LastName, FirstName | C157: 46313 | F157: =+(E157-D157)*24 -> 0
A158: LastName, FirstName | C158: 46313 | F158: =+(E158-D158)*24 -> 0
...

Sheet 11
A1: Name | B1: PSP-Element | C1: Date TT.MM.JJJJ | D1: from hh:mm | E1: to hh:mm | F1: hours autom. calculated | G1: Project (mandatory) | H1: Topic (mandatory) | I1: Task Group (optional) | J1: Description (optional) | K1: Task ID
A2: LastName, FirstName | B2: 146300100109 | C2: 46327 | D2: 0.35416667 | E2: 0.6875 | F2: =+(E2-D2)*24 -> 8 | G2: 9O Off | H2: HO (Public) Holiday | J2: All Saints Day / Allerheiligen
A3: LastName, FirstName | B3: 146300100109 | C3: 46327
A4: LastName, FirstName | B4: 146300100109 | C4: 46327 | F4: =+(E4-D4)*24 -> 0
A5: LastName, FirstName | B5: 146300100109 | C5: 46327 | F5: =+(E5-D5)*24 -> 0
A6: LastName, FirstName | B6: 146300100109 | C6: 46327 | F6: =+(E6-D6)*24 -> 0
A7: LastName, FirstName | B7: 146300100109 | C7: 46327 | F7: =+(E7-D7)*24 -> 0
A8: LastName, FirstName | B8: 146300100109 | C8: 46327 | F8: =+(E8-D8)*24 -> 0
A9: LastName, FirstName | C9: 46327 | F9: =+(E9-D9)*24 -> 0
A10: LastName, FirstName | B10: 146300100109 | C10: 46327 | F10: =+(E10-D10)*24 -> 0
A11: LastName, FirstName | B11: 146300100109 | C11: 46328 | D11: 0.35416667 | E11: 0.6875 | F11: =+(E11-D11)*24 -> 8 | G11: 9O Off | H11: HO (Public) Holiday | J11: Weekend / Wochenende
A12: LastName, FirstName | B12: 146300100109 | C12: 46328 | F12: =+(E12-D12)*24 -> 0
A13: LastName, FirstName | B13: 146300100109 | C13: 46328 | F13: =+(E13-D13)*24 -> 0
A14: LastName, FirstName | B14: 146300100109 | C14: 46328 | F14: =+(E14-D14)*24 -> 0
A15: LastName, FirstName | B15: 146300100109 | C15: 46328 | F15: =+(E15-D15)*24 -> 0
A16: LastName, FirstName | B16: 146300100109 | C16: 46328 | F16: =+(E16-D16)*24 -> 0
A17: LastName, FirstName | B17: 146300100109 | C17: 46328 | F17: =+(E17-D17)*24 -> 0
A18: LastName, FirstName | B18: 146300100109 | C18: 46328 | F18: =+(E18-D18)*24 -> 0
A19: LastName, FirstName | B19: 146300100109 | C19: 46328 | F19: =+(E19-D19)*24 -> 0
A20: LastName, FirstName | B20: 146300100109 | C20: 46329 | F20: =+(E20-D20)*24 -> 0
A21: LastName, FirstName | B21: 146300100109 | C21: 46329 | F21: =+(E21-D21)*24 -> 0
A22: LastName, FirstName | B22: 146300100109 | C22: 46329 | F22: =+(E22-D22)*24 -> 0
A23: LastName, FirstName | B23: 146300100109 | C23: 46329 | F23: =+(E23-D23)*24 -> 0
... A52: LastName, FirstName | B52: 146300100109 | C52: 46332 | F52: =+(E52-D52)*24 -> 0
A53: LastName, FirstName | C53: 46332 | F53: =+(E53-D53)*24 -> 0
A54: LastName, FirstName | C54: 46332 | F54: =+(E54-D54)*24 -> 0
A55: LastName, FirstName | C55: 46332 | F55: =+(E55-D55)*24 -> 0
A56: LastName, FirstName | C56: 46333 | D56: 0.35416667 | E56: 0.6875 | F56: =+(E56-D56)*24 -> 8 | G56: 9O Off | H56: HO (Public) Holiday | J56: Weekend / Wochenende
A57: LastName, FirstName | C57: 46333
A58: LastName, FirstName | C58: 46333 | F58: =+(E58-D58)*24 -> 0
A59: LastName, FirstName | C59: 46333 | F59: =+(E59-D59)*24 -> 0
A60: LastName, FirstName | C60: 46333 | F60: =+(E60-D60)*24 -> 0
A61: LastName, FirstName | C61: 46333 | F61: =+(E61-D61)*24 -> 0
A62: LastName, FirstName | C62: 46333 | F62: =+(E62-D62)*24 -> 0
A63: LastName, FirstName | C63: 46333 | F63: =+(E63-D63)*24 -> 0
A64: LastName, FirstName | C64: 46333 | F64: =+(E64-D64)*24 -> 0
A65: LastName, FirstName | C65: 46334 | D65: 0.35416667 | E65: 0.6875 | F65: =+(E65-D65)*24 -> 8 | G65: 9O Off | H65: HO (Public) Holiday | J65: Weekend / Wochenende
A66: LastName, FirstName | C66: 46334 | F66: =+(E66-D66)*24 -> 0
A67: LastName, FirstName | C67: 46334 | F67: =+(E67-D67)*24 -> 0
A68: LastName, FirstName | C68: 46334 | F68: =+(E68-D68)*24 -> 0
A69: LastName, FirstName | C69: 46334 | F69: =+(E69-D69)*24 -> 0
A70: LastName, FirstName | C70: 46334 | F70: =+(E70-D70)*24 -> 0
A71: LastName, FirstName | C71: 46334 | F71: =+(E71-D71)*24 -> 0
A72: LastName, FirstName | C72: 46334 | F72: =+(E72-D72)*24 -> 0
A73: LastName, FirstName | C73: 46334 | F73: =+(E73-D73)*24 -> 0
A74: LastName, FirstName | C74: 46335 | F74: =+(E74-D74)*24 -> 0
A75: LastName, FirstName | C75: 46335 | F75: =+(E75-D75)*24 -> 0
A76: LastName, FirstName | C76: 46335 | F76: =+(E76-D76)*24 -> 0
A77: LastName, FirstName | C77: 46335 | F77: =+(E77-D77)*24 -> 0
... A118: LastName, FirstName | C118: 46339 | F118: =+(E118-D118)*24 -> 0
A119: LastName, FirstName | C119: 46340 | D119: 0.35416667 | E119: 0.6875 | F119: =+(E119-D119)*24 -> 8 | G119: 9O Off | H119: HO (Public) Holiday | J119: Weekend / Wochenende
A120: LastName, FirstName | C120: 46340
A121: LastName, FirstName | C121: 46340 | F121: =+(E121-D121)*24 -> 0
A122: LastName, FirstName | C122: 46340 | F122: =+(E122-D122)*24 -> 0
A123: LastName, FirstName | C123: 46340 | F123: =+(E123-D123)*24 -> 0
A124: LastName, FirstName | C124: 46340 | F124: =+(E124-D124)*24 -> 0
A125: LastName, FirstName | C125: 46340 | F125: =+(E125-D125)*24 -> 0
A126: LastName, FirstName | C126: 46340 | F126: =+(E126-D126)*24 -> 0
A127: LastName, FirstName | C127: 46340 | F127: =+(E127-D127)*24 -> 0
A128: LastName, FirstName | C128: 46341 | D128: 0.35416667 | E128: 0.6875 | F128: =+(E128-D128)*24 -> 8 | G128: 9O Off | H128: HO (Public) Holiday | J128: Weekend / Wochenende
A129: LastName, FirstName | C129: 46341 | F129: =+(E129-D129)*24 -> 0
A130: LastName, FirstName | C130: 46341 | F130: =+(E130-D130)*24 -> 0
A131: LastName, FirstName | C131: 46341 | F131: =+(E131-D131)*24 -> 0
A132: LastName, FirstName | C132: 46341 | F132: =+(E132-D132)*24 -> 0
A133: LastName, FirstName | C133: 46341 | F133: =+(E133-D133)*24 -> 0
A134: LastName, FirstName | C134: 46341 | F134: =+(E134-D134)*24 -> 0
A135: LastName, FirstName | C135: 46341 | F135: =+(E135-D135)*24 -> 0
A136: LastName, FirstName | C136: 46341 | F136: =+(E136-D136)*24 -> 0
A137: LastName, FirstName | C137: 46342 | F137: =+(E137-D137)*24 -> 0
A138: LastName, FirstName | C138: 46342 | F138: =+(E138-D138)*24 -> 0
A139: LastName, FirstName | C139: 46342 | F139: =+(E139-D139)*24 -> 0
A140: LastName, FirstName | C140: 46342 | F140: =+(E140-D140)*24 -> 0
... A181: LastName, FirstName | C181: 46346 | F181: =+(E181-D181)*24 -> 0
A182: LastName, FirstName | C182: 46347 | D182: 0.35416667 | E182: 0.6875 | F182: =+(E182-D182)*24 -> 8 | G182: 9O Off | H182: HO (Public) Holiday | J182: Weekend / Wochenende
A183: LastName, FirstName | C183: 46347
A184: LastName, FirstName | C184: 46347 | F184: =+(E184-D184)*24 -> 0
A185: LastName, FirstName | C185: 46347 | F185: =+(E185-D185)*24 -> 0
A186: LastName, FirstName | C186: 46347 | F186: =+(E186-D186)*24 -> 0
A187: LastName, FirstName | C187: 46347 | F187: =+(E187-D187)*24 -> 0
A188: LastName, FirstName | C188: 46347 | F188: =+(E188-D188)*24 -> 0
A189: LastName, FirstName | C189: 46347 | F189: =+(E189-D189)*24 -> 0
A190: LastName, FirstName | C190: 46348 | F190: =+(E190-D190)*24 -> 0
A191: LastName, FirstName | C191: 46348 | D191: 0.35416667 | E191: 0.6875 | F191: =+(E191-D191)*24 -> 8 | G191: 9O Off | H191: HO (Public) Holiday | J191: Weekend / Wochenende
A192: LastName, FirstName | C192: 46348 | F192: =+(E192-D192)*24 -> 0
A193: LastName, FirstName | C193: 46348 | F193: =+(E193-D193)*24 -> 0
A194: LastName, FirstName | C194: 46348 | F194: =+(E194-D194)*24 -> 0
A195: LastName, FirstName | C195: 46348 | F195: =+(E195-D195)*24 -> 0
A196: LastName, FirstName | C196: 46348 | F196: =+(E196-D196)*24 -> 0
A197: LastName, FirstName | C197: 46348 | F197: =+(E197-D197)*24 -> 0
A198: LastName, FirstName | C198: 46348 | F198: =+(E198-D198)*24 -> 0
A199: LastName, FirstName | C199: 46349 | F199: =+(E199-D199)*24 -> 0
A200: LastName, FirstName | C200: 46349 | F200: =+(E200-D200)*24 -> 0
A201: LastName, FirstName | C201: 46349 | F201: =+(E201-D201)*24 -> 0
A202: LastName, FirstName | C202: 46349 | F202: =+(E202-D202)*24 -> 0
A203: LastName, FirstName | C203: 46349 | F203: =+(E203-D203)*24 -> 0
... A243: LastName, FirstName | C243: 46353 | F243: =+(E243-D243)*24 -> 0
A244: LastName, FirstName | C244: 46354 | D244: 0.35416667 | E244: 0.6875 | F244: =+(E244-D244)*24 -> 8 | G244: 9O Off | H244: HO (Public) Holiday | J244: Weekend / Wochenende
A245: LastName, FirstName | C245: 46354
A246: LastName, FirstName | C246: 46354 | F246: =+(E246-D246)*24 -> 0
A247: LastName, FirstName | C247: 46354 | F247: =+(E247-D247)*24 -> 0
...

Sheet 12
A1: Name | B1: PSP-Element | C1: Date TT.MM.JJJJ | D1: from hh:mm | E1: to hh:mm | F1: hours autom. calculated | G1: Project (mandatory) | H1: Topic (mandatory) | I1: Task Group (optional) | J1: Description (optional) | K1: Task ID
A2: LastName, FirstName | B2: 146300100109 | C2: 46357 | F2: =+(E2-D2)*24 -> 0
A3: LastName, FirstName | B3: 146300100109 | C3: 46357 | F3: =+(E3-D3)*24 -> 0
A4: LastName, FirstName | B4: 146300100109 | C4: 46357 | F4: =+(E4-D4)*24 -> 0
A5: LastName, FirstName | B5: 146300100109 | C5: 46357 | F5: =+(E5-D5)*24 -> 0
A6: LastName, FirstName | B6: 146300100109 | C6: 46357 | F6: =+(E6-D6)*24 -> 0
A7: LastName, FirstName | B7: 146300100109 | C7: 46357 | F7: =+(E7-D7)*24 -> 0
A8: LastName, FirstName | B8: 146300100109 | C8: 46357 | F8: =+(E8-D8)*24 -> 0
A9: LastName, FirstName | C9: 46357 | F9: =+(E9-D9)*24 -> 0
A10: LastName, FirstName | B10: 146300100109 | C10: 46357 | F10: =+(E10-D10)*24 -> 0
A11: LastName, FirstName | B11: 146300100109 | C11: 46358 | F11: =+(E11-D11)*24 -> 0
A12: LastName, FirstName | B12: 146300100109 | C12: 46358 | F12: =+(E12-D12)*24 -> 0
A13: LastName, FirstName | B13: 146300100109 | C13: 46358 | F13: =+(E13-D13)*24 -> 0
A14: LastName, FirstName | B14: 146300100109 | C14: 46358 | F14: =+(E14-D14)*24 -> 0
A15: LastName, FirstName | B15: 146300100109 | C15: 46358 | F15: =+(E15-D15)*24 -> 0
A16: LastName, FirstName | B16: 146300100109 | C16: 46358 | F16: =+(E16-D16)*24 -> 0
A17: LastName, FirstName | B17: 146300100109 | C17: 46358 | F17: =+(E17-D17)*24 -> 0
A18: LastName, FirstName | B18: 146300100109 | C18: 46358 | F18: =+(E18-D18)*24 -> 0
A19: LastName, FirstName | B19: 146300100109 | C19: 46358 | F19: =+(E19-D19)*24 -> 0
A20: LastName, FirstName | B20: 146300100109 | C20: 46359 | F20: =+(E20-D20)*24 -> 0
A21: LastName, FirstName | B21: 146300100109 | C21: 46359 | F21: =+(E21-D21)*24 -> 0
... A37: LastName, FirstName | B37: 146300100109 | C37: 46360 | F37: =+(E37-D37)*24 -> 0
A38: LastName, FirstName | B38: 146300100109 | C38: 46361 | D38: 0.35416667 | E38: 0.6875 | F38: =+(E38-D38)*24 -> 8 | G38: 9O Off | H38: HO (Public) Holiday | J38: Weekend / Wochenende
A39: LastName, FirstName | B39: 146300100109 | C39: 46361
A40: LastName, FirstName | B40: 146300100109 | C40: 46361 | F40: =+(E40-D40)*24 -> 0
A41: LastName, FirstName | B41: 146300100109 | C41: 46361 | F41: =+(E41-D41)*24 -> 0
A42: LastName, FirstName | B42: 146300100109 | C42: 46361 | F42: =+(E42-D42)*24 -> 0
A43: LastName, FirstName | B43: 146300100109 | C43: 46361 | F43: =+(E43-D43)*24 -> 0
A44: LastName, FirstName | B44: 146300100109 | C44: 46361 | F44: =+(E44-D44)*24 -> 0
A45: LastName, FirstName | B45: 146300100109 | C45: 46361 | F45: =+(E45-D45)*24 -> 0
A46: LastName, FirstName | B46: 146300100109 | C46: 46361 | F46: =+(E46-D46)*24 -> 0
A47: LastName, FirstName | B47: 146300100109 | C47: 46362 | D47: 0.35416667 | E47: 0.6875 | F47: =+(E47-D47)*24 -> 8 | G47: 9O Off | H47: HO (Public) Holiday | J47: Weekend / Wochenende
A48: LastName, FirstName | B48: 146300100109 | C48: 46362 | F48: =+(E48-D48)*24 -> 0
A49: LastName, FirstName | B49: 146300100109 | C49: 46362 | F49: =+(E49-D49)*24 -> 0
A50: LastName, FirstName | B50: 146300100109 | C50: 46362 | F50: =+(E50-D50)*24 -> 0
A51: LastName, FirstName | B51: 146300100109 | C51: 46362 | F51: =+(E51-D51)*24 -> 0
A52: LastName, FirstName | B52: 146300100109 | C52: 46362 | F52: =+(E52-D52)*24 -> 0
A53: LastName, FirstName | C53: 46362 | F53: =+(E53-D53)*24 -> 0
A54: LastName, FirstName | C54: 46362 | F54: =+(E54-D54)*24 -> 0
A55: LastName, FirstName | C55: 46362 | F55: =+(E55-D55)*24 -> 0
A56: LastName, FirstName | C56: 46363 | F56: =+(E56-D56)*24 -> 0
A57: LastName, FirstName | C57: 46363 | F57: =+(E57-D57)*24 -> 0
A58: LastName, FirstName | C58: 46363 | F58: =+(E58-D58)*24 -> 0
A59: LastName, FirstName | C59: 46363 | F59: =+(E59-D59)*24 -> 0
A60: LastName, FirstName | C60: 46363 | F60: =+(E60-D60)*24 -> 0
A61: LastName, FirstName | C61: 46363 | F61: =+(E61-D61)*24 -> 0
A62: LastName, FirstName | C62: 46363 | F62: =+(E62-D62)*24 -> 0
A63: LastName, FirstName | C63: 46363 | F63: =+(E63-D63)*24 -> 0
A64: LastName, FirstName | C64: 46363 | F64: =+(E64-D64)*24 -> 0
... A100: LastName, FirstName | C100: 46367 | F100: =+(E100-D100)*24 -> 0
A101: LastName, FirstName | C101: 46368 | D101: 0.35416667 | E101: 0.6875 | F101: =+(E101-D101)*24 -> 8 | G101: 9O Off | H101: HO (Public) Holiday | J101: Weekend / Wochenende
A102: LastName, FirstName | C102: 46368
A103: LastName, FirstName | C103: 46368 | F103: =+(E103-D103)*24 -> 0
A104: LastName, FirstName | C104: 46368 | F104: =+(E104-D104)*24 -> 0
A105: LastName, FirstName | C105: 46368 | F105: =+(E105-D105)*24 -> 0
A106: LastName, FirstName | C106: 46368 | F106: =+(E106-D106)*24 -> 0
A107: LastName, FirstName | C107: 46368 | F107: =+(E107-D107)*24 -> 0
A108: LastName, FirstName | C108: 46368 | F108: =+(E108-D108)*24 -> 0
A109: LastName, FirstName | C109: 46368 | F109: =+(E109-D109)*24 -> 0
A110: LastName, FirstName | C110: 46369 | D110: 0.35416667 | E110: 0.6875 | F110: =+(E110-D110)*24 -> 8 | G110: 9O Off | H110: HO (Public) Holiday | J110: Weekend / Wochenende
A111: LastName, FirstName | C111: 46369 | F111: =+(E111-D111)*24 -> 0
A112: LastName, FirstName | C112: 46369 | F112: =+(E112-D112)*24 -> 0
A113: LastName, FirstName | C113: 46369 | F113: =+(E113-D113)*24 -> 0
A114: LastName, FirstName | C114: 46369 | F114: =+(E114-D114)*24 -> 0
A115: LastName, FirstName | C115: 46369 | F115: =+(E115-D115)*24 -> 0
A116: LastName, FirstName | C116: 46369 | F116: =+(E116-D116)*24 -> 0
A117: LastName, FirstName | C117: 46369 | F117: =+(E117-D117)*24 -> 0
A118: LastName, FirstName | C118: 46369 | F118: =+(E118-D118)*24 -> 0
A119: LastName, FirstName | C119: 46370 | F119: =+(E119-D119)*24 -> 0
A120: LastName, FirstName | C120: 46370 | F120: =+(E120-D120)*24 -> 0
A121: LastName, FirstName | C121: 46370 | F121: =+(E121-D121)*24 -> 0
A122: LastName, FirstName | C122: 46370 | F122: =+(E122-D122)*24 -> 0
... A163: LastName, FirstName | C163: 46374 | F163: =+(E163-D163)*24 -> 0
A164: LastName, FirstName | C164: 46375 | D164: 0.35416667 | E164: 0.6875 | F164: =+(E164-D164)*24 -> 8 | G164: 9O Off | H164: HO (Public) Holiday | J164: Weekend / Wochenende
A165: LastName, FirstName | C165: 46375
A166: LastName, FirstName | C166: 46375 | F166: =+(E166-D166)*24 -> 0
A167: LastName, FirstName | C167: 46375 | F167: =+(E167-D167)*24 -> 0
A168: LastName, FirstName | C168: 46375 | F168: =+(E168-D168)*24 -> 0
A169: LastName, FirstName | C169: 46375 | F169: =+(E169-D169)*24 -> 0
A170: LastName, FirstName | C170: 46375 | F170: =+(E170-D170)*24 -> 0
A171: LastName, FirstName | C171: 46375 | F171: =+(E171-D171)*24 -> 0
A172: LastName, FirstName | C172: 46375 | F172: =+(E172-D172)*24 -> 0
A173: LastName, FirstName | C173: 46376 | D173: 0.35416667 | E173: 0.6875 | F173: =+(E173-D173)*24 -> 8 | G173: 9O Off | H173: HO (Public) Holiday | J173: Weekend / Wochenende
A174: LastName, FirstName | C174: 46376 | F174: =+(E174-D174)*24 -> 0
A175: LastName, FirstName | C175: 46376 | F175: =+(E175-D175)*24 -> 0
A176: LastName, FirstName | C176: 46376 | F176: =+(E176-D176)*24 -> 0
A177: LastName, FirstName | C177: 46376 | F177: =+(E177-D177)*24 -> 0
A178: LastName, FirstName | C178: 46376 | F178: =+(E178-D178)*24 -> 0
A179: LastName, FirstName | C179: 46376 | F179: =+(E179-D179)*24 -> 0
A180: LastName, FirstName | C180: 46376 | F180: =+(E180-D180)*24 -> 0
A181: LastName, FirstName | C181: 46376 | F181: =+(E181-D181)*24 -> 0
A182: LastName, FirstName | C182: 46377 | F182: =+(E182-D182)*24 -> 0
A183: LastName, FirstName | C183: 46377 | F183: =+(E183-D183)*24 -> 0
A184: LastName, FirstName | C184: 46377 | F184: =+(E184-D184)*24 -> 0
A185: LastName, FirstName | C185: 46377 | F185: =+(E185-D185)*24 -> 0
... A207: LastName, FirstName | C207: 46379 | F207: =+(E207-D207)*24 -> 0
A208: LastName, FirstName | C208: 46380 | D208: 0.52083333 | E208: 0.6875 | F208: =+(E208-D208)*24 -> 4 | G208: 9O Off | H208: HO (Public) Holiday | J208: Christmas / Heilig Abend
A209: LastName, FirstName | C209: 46380 | F209: =+(E209-D209)*24 -> 0
A210: LastName, FirstName | C210: 46380 | F210: =+(E210-D210)*24 -> 0
A211: LastName, FirstName | C211: 46380 | F211: =+(E211-D211)*24 -> 0
...

Sheet Overview
A1: Month | B1: 1C RDM RDM Classic | C1: 2C RDM C RDM Cloud Ready | D1: 9M Misc | E1: 9O Off (incl. VA, IL, HO) | F1: Sum (hours) | G1: Sum (days) | H1: To be (hours) | I1: To be (days) | J1: +/- (hours) | K1: Vacation (hours) | L1: Vacation (days)
A2: 01 | B2: ='01'!$F$301 -> 0 | C2: ='01'!$F$302 -> 0 | D2: ='01'!$F$303 -> 0 | E2: ='01'!$F$304 -> 0 | F2: =SUM(B2:E2) -> 0 | G2: =F2/$B$20 -> 0 | H2: =ROUND(I2*$B$19/$B$20,2) -> 248 | I2: 31 | J2: =F2-H2 -> -248 | K2: ='01'!$F$310 -> 0 | L2: =K2/$B$20 -> 0
A3: 02 | B3: ='02'!$F$292 -> 0 | C3: ='02'!$F$270 -> 0 | D3: ='02'!$F$271 -> 0 | E3: ='02'!$F$272 -> 0 | F3: =SUM(B3:E3) -> 0 | G3: =F3/$B$20 -> 0 | H3: =ROUND(I3*$B$19/$B$20,2) -> 224 | I3: 28 | J3: =F3-H3 -> -224 | K3: ='02'!$F$278 -> 0 | L3: =K3/$B$20 -> 0
A4: 03 | B4: ='03'!$F$301 -> 0 | C4: ='03'!$F$302 -> 0 | D4: ='02'!$F$271 -> 0 | E4: ='02'!$F$272 -> 0 | F4: =SUM(B4:E4) -> 0 | G4: =F4/$B$20 -> 0 | H4: =ROUND(I4*$B$19/$B$20,2) -> 248 | I4: 31 | J4: =F4-H4 -> -248 | K4: ='03'!$F$310 -> 0 | L4: =K4/$B$20 -> 0
A5: 04 | B5: ='04'!$F$301 -> 0 | C5: ='04'!$F$302 -> 0 | D5: ='02'!$F$271 -> 0 | E5: ='02'!$F$272 -> 0 | F5: =SUM(B5:E5) -> 0 | G5: =F5/$B$20 -> 0 | H5: =ROUND(I5*$B$19/$B$20,2) -> 240 | I5: 30 | J5: =F5-H5 -> -240 | K5: ='04'!$F$310 -> 0 | L5: =K5/$B$20 -> 0
A6: 05 | B6: ='05'!$F$301 -> 0 | C6: ='05'!$F$302 -> 0 | D6: ='02'!$F$271 -> 0 | E6: ='02'!$F$272 -> 0 | F6: =SUM(B6:E6) -> 0 | G6: =F6/$B$20 -> 0 | H6: =ROUND(I6*$B$19/$B$20,2) -> 248 | I6: 31 | J6: =F6-H6 -> -248 | K6: ='05'!$F$310 -> 0 | L6: =K6/$B$20 -> 0
A7: 06 | B7: ='06'!$F$301 -> 0 | C7: ='06'!$F$302 -> 0 | D7: ='02'!$F$271 -> 0 | E7: ='02'!$F$272 -> 0 | F7: =SUM(B7:E7) -> 0 | G7: =F7/$B$20 -> 0 | H7: =ROUND(I7*$B$19/$B$20,2) -> 240 | I7: 30 | J7: =F7-H7 -> -240 | K7: ='06'!$F$310 -> 0 | L7: =K7/$B$20 -> 0
A8: 07 | B8: ='07'!$F$301 -> 0 | C8: ='07'!$F$302 -> 0 | D8: ='02'!$F$271 -> 0 | E8: ='02'!$F$272 -> 0 | F8: =SUM(B8:E8) -> 0 | G8: =F8/$B$20 -> 0 | H8: =ROUND(I8*$B$19/$B$20,2) -> 248 | I8: 31 | J8: =F8-H8 -> -248 | K8: ='07'!$F$310 -> 0 | L8: =K8/$B$20 -> 0
A9: 08 | B9: ='08'!$F$301 -> 0 | C9: ='08'!$F$302 -> 0 | D9: ='02'!$F$271 -> 0 | E9: ='02'!$F$272 -> 0 | F9: =SUM(B9:E9) -> 0 | G9: =F9/$B$20 -> 0 | H9: =ROUND(I9*$B$19/$B$20,2) -> 248 | I9: 31 | J9: =F9-H9 -> -248 | K9: ='08'!$F$310 -> 0 | L9: =K9/$B$20 -> 0
A10: 09 | B10: ='09'!$F$301 -> 0 | C10: ='09'!$F$302 -> 0 | D10: ='02'!$F$271 -> 0 | E10: ='02'!$F$272 -> 0 | F10: =SUM(B10:E10) -> 0 | G10: =F10/$B$20 -> 0 | H10: =ROUND(I10*$B$19/$B$20,2) -> 240 | I10: 30 | J10: =F10-H10 -> -240 | K10: ='09'!$F$310 -> 0 | L10: =K10/$B$20 -> 0
A11: 10 | B11: ='10'!$F$301 -> 0 | C11: ='10'!$F$302 -> 0 | D11: ='02'!$F$271 -> 0 | E11: ='02'!$F$272 -> 0 | F11: =SUM(B11:E11) -> 0 | G11: =F11/$B$20 -> 0 | H11: =ROUND(I11*$B$19/$B$20,2) -> 248 | I11: 31 | J11: =F11-H11 -> -248 | K11: ='10'!$F$310 -> 0 | L11: =K11/$B$20 -> 0
A12: 11 | B12: ='11'!$F$301 -> 0 | C12: ='11'!$F$302 -> 0 | D12: ='02'!$F$271 -> 0 | E12: ='02'!$F$272 -> 0 | F12: =SUM(B12:E12) -> 0 | G12: =F12/$B$20 -> 0 | H12: =ROUND(I12*$B$19/$B$20,2) -> 240 | I12: 30 | J12: =F12-H12 -> -240 | K12: ='11'!$F$310 -> 0 | L12: =K12/$B$20 -> 0
A13: 12 | B13: ='12'!$F$301 -> 0 | C13: ='12'!$F$302 -> 0 | D13: ='02'!$F$271 -> 0 | E13: ='02'!$F$272 -> 0 | F13: =SUM(B13:E13) -> 0 | G13: =F13/$B$20 -> 0 | H13: =ROUND(I13*$B$19/$B$20,2) -> 248 | I13: 31 | J13: =F13-H13 -> -248 | K13: ='12'!$F$310 -> 0 | L13: =K13/$B$20 -> 0
A15: Sum | B15: =SUM(B2:B13) -> 0 | C15: =SUM(C2:C13) -> 0 | D15: =SUM(D2:D13) -> 0 | E15: =SUM(E2:E13) -> 0 | F15: =SUM(F2:F13) -> 0 | G15: =SUM(G2:G13) -> 0 | H15: =SUM(H2:H13) -> 2920 | I15: =SUM(I2:I13) -> 365 | ... L15: =SUM(L2:L13) -> 0
K16: Left | L16: =B24-L15 -> 28
A18: hours/month | B18: =B19*4.33 -> 173.2
A19: hour/week | B19: 40
A20: days/week | B20: 5
A21: hours/day | B21: =B19/B20 -> 8
A23: Year | B23: 2026
A24: Vacation (days) | B24: 28
A26: Last Name | B26: Erlenbusch
A27: First Name | B27: Maximilian

Sheet Calendar
A1: 2026
A3: JANUAR | I3: FEBRUAR | Q3: MÄRZ | Y3: APRIL
A4: Mo | B4: Di | C4: Mi | D4: Do | E4: Fr | F4: Sa | G4: So | I4: Mo | J4: Di | K4: Mi | L4: Do | M4: Fr | N4: Sa | O4: So | Q4: Mo | R4: Di | S4: Mi | T4: Do | U4: Fr | V4: Sa | W4: So | Y4: Mo | Z4: Di | AA4: Mi | AB4: Do | AC4: Fr | AD4: Sa | AE4: So
D5: 1 | E5: 2 | F5: 3 | G5: 4 | O5: 1 | W5: 1 | AA5: 1 | AB5: 2 | AC5: 3 | AD5: 4 | AE5: 5
A6: 5 | B6: 6 | C6: 7 | D6: 8 | E6: 9 | F6: 10 | G6: 11 | I6: 2 | J6: 3 | K6: 4 | L6: 5 | M6: 6 | N6: 7 | O6: 8 | Q6: 2 | R6: 3 | S6: 4 | T6: 5 | U6: 6 | V6: 7 | W6: 8 | Y6: 6 | Z6: 7 | AA6: 8 | AB6: 9 | AC6: 10 | AD6: 11 | AE6: 12
A7: 12 | B7: 13 | C7: 14 | D7: 15 | E7: 16 | F7: 17 | G7: 18 | I7: 9 | J7: 10 | K7: 11 | L7: 12 | M7: 13 | N7: 14 | O7: 15 | Q7: 9 | R7: 10 | S7: 11 | T7: 12 | U7: 13 | V7: 14 | W7: 15 | Y7: 13 | Z7: 14 | AA7: 15 | AB7: 16 | AC7: 17 | AD7: 18 | AE7: 19
A8: 19 | B8: 20 | C8: 21 | D8: 22 | E8: 23 | F8: 24 | G8: 25 | I8: 16 | J8: 17 | K8: 18 | L8: 19 | M8: 20 | N8: 21 | O8: 22 | Q8: 16 | R8: 17 | S8: 18 | T8: 19 | U8: 20 | V8: 21 | W8: 22 | Y8: 20 | Z8: 21 | AA8: 22 | AB8: 23 | AC8: 24 | AD8: 25 | AE8: 26
A9: 26 | B9: 27 | C9: 28 | D9: 29 | E9: 30 | F9: 31 | I9: 23 | J9: 24 | K9: 25 | L9: 26 | M9: 27 | N9: 28 | Q9: 23 | R9: 24 | S9: 25 | T9: 26 | U9: 27 | V9: 28 | W9: 29 | Y9: 27 | Z9: 28 | AA9: 29 | AB9: 30
Q10: 30 | R10: 31
A12: MAI | I12: JUNI | Q12: JULI | Y12: AUGUST
A13: Mo | B13: Di | C13: Mi | D13: Do | E13: Fr | F13: Sa | G13: So | I13: Mo | J13: Di | K13: Mi | L13: Do | M13: Fr | N13: Sa | O13: So | Q13: Mo | R13: Di | S13: Mi | T13: Do | U13: Fr | V13: Sa | W13: So | Y13: Mo | Z13: Di | AA13: Mi | AB13: Do | AC13: Fr | AD13: Sa | AE13: So
E14: 1 | F14: 2 | G14: 3 | I14: 1 | J14: 2 | K14: 3 | L14: 4 | M14: 5 | N14: 6 | O14: 7 | S14: 1 | T14: 2 | U14: 3 | V14: 4 | W14: 5 | AD14: 1 | AE14: 2
A15: 4 | B15: 5 | C15: 6 | D15: 7 | E15: 8 | F15: 9 | G15: 10 | I15: 8 | J15: 9 | K15: 10 | L15: 11 | M15: 12 | N15: 13 | O15: 14 | Q15: 6 | R15: 7 | S15: 8 | T15: 9 | U15: 10 | V15: 11 | W15: 12 | Y15: 3 | Z15: 4 | AA15: 5 | AB15: 6 | AC15: 7 | AD15: 8 | AE15: 9
A16: 11 | B16: 12 | C16: 13 | D16: 14 | E16: 15 | F16: 16 | G16: 17 | I16: 15 | J16: 16 | K16: 17 | L16: 18 | M16: 19 | N16: 20 | O16: 21 | Q16: 13 | R16: 14 | S16: 15 | T16: 16 | U16: 17 | V16: 18 | W16: 19 | Y16: 10 | Z16: 11 | AA16: 12 | AB16: 13 | AC16: 14 | AD16: 15 | AE16: 16
A17: 18 | B17: 19 | C17: 20 | D17: 21 | E17: 22 | F17: 23 | G17: 24 | I17: 22 | J17: 23 | K17: 24 | L17: 25 | M17: 26 | N17: 27 | O17: 28 | Q17: 20 | R17: 21 | S17: 22 | T17: 23 | U17: 24 | V17: 25 | W17: 26 | Y17: 17 | Z17: 18 | AA17: 19 | AB17: 20 | AC17: 21 | AD17: 22 | AE17: 23
A18: 25 | B18: 26 | C18: 27 | D18: 28 | E18: 29 | F18: 30 | G18: 31 | I18: 29 | J18: 30 | Q18: 27 | R18: 28 | S18: 29 | T18: 30 | U18: 31 | Y18: 24 | Z18: 25 | AA18: 26 | AB18: 27 | AC18: 28 | AD18: 29 | AE18: 30
Y19: 31
A21: SEPTEMBER | I21: OKTOBER | Q21: NOVEMBER | Y21: DEZEMBER
A22: Mo | B22: Di | C22: Mi | D22: Do | E22: Fr | F22: Sa | G22: So | I22: Mo | J22: Di | K22: Mi | L22: Do | M22: Fr | N22: Sa | O22: So | Q22: Mo | R22: Di | S22: Mi | T22: Do | U22: Fr | V22: Sa | W22: So | Y22: Mo | Z22: Di | AA22: Mi | AB22: Do | AC22: Fr | AD22: Sa | AE22: So
B23: 1 | C23: 2 | D23: 3 | E23: 4 | F23: 5 | G23: 6 | L23: 1 | M23: 2 | N23: 3 | O23: 4 | W23: 1 | Z23: 1 | AA23: 2 | AB23: 3 | AC23: 4 | AD23: 5 | AE23: 6
A24: 7 | B24: 8 | C24: 9 | D24: 10 | E24: 11 | F24: 12 | G24: 13 | I24: 5 | J24: 6 | K24: 7 | L24: 8 | M24: 9 | N24: 10 | O24: 11 | Q24: 2 | R24: 3 | S24: 4 | T24: 5 | U24: 6 | V24: 7 | W24: 8 | Y24: 7 | Z24: 8 | AA24: 9 | AB24: 10 | AC24: 11 | AD24: 12 | AE24: 13
A25: 14 | B25: 15 | C25: 16 | D25: 17 | E25: 18 | F25: 19 | G25: 20 | I25: 12 | J25: 13 | K25: 14 | L25: 15 | M25: 16 | N25: 17 | O25: 18 | Q25: 9 | R25: 10 | S25: 11 | T25: 12 | U25: 13 | V25: 14 | W25: 15 | Y25: 14 | Z25: 15 | AA25: 16 | AB25: 17 | AC25: 18 | AD25: 19 | AE25: 20
A26: 21 | B26: 22 | C26: 23 | D26: 24 | E26: 25 | F26: 26 | G26: 27 | I26: 19 | J26: 20 | K26: 21 | L26: 22 | M26: 23 | N26: 24 | O26: 25 | Q26: 16 | R26: 17 | S26: 18 | T26: 19 | U26: 20 | V26: 21 | W26: 22 | Y26: 21 | Z26: 22 | AA26: 23 | AB26: 24 | AC26: 25 | AD26: 26 | AE26: 27
A27: 28 | B27: 29 | C27: 30 | I27: 26 | J27: 27 | K27: 28 | L27: 29 | M27: 30 | N27: 31 | Q27: 23 | R27: 24 | S27: 25 | T27: 26 | U27: 27 | V27: 28 | W27: 29 | Y27: 28 | Z27: 29 | AA27: 30 | AB27: 31
Q28: 30
B31: Baden-Württemberg
C32: Feiertag | E32: Potentieller Urlaub | G32: 10 | J32: Krankheit
E33: Gebuchter Urlaub

Sheet Metadata
A1: Topic (short text) | B1: Topic (long text) | C1: Task Group (short text) | D1: Task Group (long text) | F1: Task | H1: Name
H2: LastName, FirstName
A3: 1C RDM - RDM Classic | B3: RDM Classic Mode | C3: DV Development | F3: AL Alignment
A4: 2C RDM C - RDM Cloud Ready | B4: RDM Cloud Ready Mode | C4: OR Organization | F4: BO Bookkeeping, Invoices, Contracts
A5: 9O Off | B5: Off (Out of Office, Vacation, Public Holiday) | C5: CU Customer Support | F5: BU Bugfixing
A6: 9M Misc | B6: Miscellaneous (Organization, …) | C6: SA Sales | F6: CB Consulting (billable)
C7: BD Business Development | F7: CN Consulting (non billable)
C8: TR Travel | F8: CO Coding
C9: VA Vacation | F9: DO Documentation
C10: HO (Public) Holiday | F10: IN Investigation
C11: IL Illness | F11: MA Marketing
F12: MI Misc
F13: NE Negotiating Contracts
F14: TE Testing and Quality
F15: TR Translation
